Month,trip,Original trial,trial,Deterrent,Filename,Frame,Time (mins),Length (mm),Precision (mm),RMS (mm),Range (mm),Direction (deg),Horz. Dir. (deg),Vert. Dir. (deg),Mid X (mm),Mid Y (mm),Mid Z (mm),OpCode,TapeReader,Family,Genus,Species,Code,Number,Stage,Activity,Shark ID,Bait taken?,Comment,LOI,AT,Reaction
November,1,2,1,Boat01,Left_2b_20191111.MP4,13437,7.4725,2436.17,47.442,48.714,5314.795,22.097,87.487,17.485,-1995.825,117.814,-4924.414,20210706,BHTH,Lamnidae,Carcharodon,carcharias,37010003,Bait,AD,Passing,Tia,N,,M,D,N
November,1,2,1,Boat01,Left_2b_20191111.MP4,14299,7.9518,0,26.208,1.695,4138.702,20.615,82.431,11.963,-1304.361,649.59,-3873.698,20210706,BHTH,Lamnidae,Carcharodon,carcharias,37010003,Bait,AD,Feeding,Tia,N,,H,S,N
November,1,2,1,Boat01,Left_2b_20191111.MP4,15503,8.6214,2268.282,24.013,45.881,3899.977,12.669,61.953,26.615,-832.411,-196.665,-3805.027,20210706,BHTH,Lamnidae,Carcharodon,carcharias,37010003,Bait,AD,Passing,Tia,N,,M,D,N
November,1,2,1,Boat01,Left_2b_20191111.MP4,16085,8.945,2531.776,10.892,64.163,4320.247,13.982,9.044,14.425,-1015.764,240.601,-4192.239,20210706,BHTH,Lamnidae,Carcharodon,carcharias,37010003,Bait,AD,Passing,Tia,N,,M,D,N
November,1,2,1,Boat01,Left_2b_20191111.MP4,17825,9.9127,1786.355,39.042,125.896,5628.84,15.294,49.269,25.346,1451.168,-314.121,-5429.483,20210706,BHTH,Lamnidae,Carcharodon,carcharias,37010003,Bait,AD,Passing,Tia,N,,M,D,N
November,1,3,2,Boat01,Left_2b_20191111_2.MP4,5512,20.783,1530.366,37.75,110.105,5142.528,8.676,51.805,4.64,466.843,-619.535,-5083.683,20210706,BHTH,Lamnidae,Carcharodon,carcharias,37010003,Bait,AD,Passing,Tia,N,,M,D,N
November,1,3,2,Boat01,Left_2b_20191111_2.MP4,6768,21.4815,2999.568,33.478,177.51,6046.522,23.077,27.301,18.251,2369.504,50.175,-5562.676,20210706,BHTH,Lamnidae,Carcharodon,carcharias,37010003,Bait,AD,Passing,Tia,N,Reaction - Head Spasm,M,D,Y
November,1,3,2,Boat01,Left_2b_20191111_2.MP4,7673,21.9847,1102.242,27.546,110.158,4843.681,15.41,63.702,40.977,1286.584,35.774,-4669.547,20210706,BHTH,Lamnidae,Carcharodon,carcharias,37010003,Bait,AD,Passing,Tia,N,Reaction - Head Spasm,M,D,Y
November,1,3,2,Boat01,Left_2b_20191111_2.MP4,18753,28.1465,3129.603,31.556,192.52,5421.918,21.004,33.961,17.1,1942.028,71.992,-5061.673,20210706,BHTH,Lamnidae,Carcharodon,carcharias,37010003,Bait,AD,Passing,Tia,N,,M,D,N
November,1,3,2,Boat01,Left_2b_20191111_2.MP4,20386,29.0546,1798.917,32.907,66.293,5073.561,5.003,48.983,24.202,-370.08,-242.562,-5054.228,20210706,BHTH,Lamnidae,Carcharodon,carcharias,37010003,Bait,AD,Passing,Tia,N,,M,D,N
November,1,4,3,Boat01,Left_4_20191111.MP4,15761,8.7649,4501.788,86.611,121.793,6375.365,12.161,77.064,9.82,-1317.353,261.211,-6232.305,20210706,BHTH,Lamnidae,Carcharodon,carcharias,37010003,Bait,AD,Passing,Tia,N,Taken from Dorsal,M,D,N
November,1,4,3,Boat01,Left_4_20191111.MP4,16284,9.0557,6301.613,114.069,126.494,7879.528,12.657,57.672,12.715,-1702.146,289.181,-7688.045,20210706,BHTH,Lamnidae,Carcharodon,carcharias,37010003,Bait,AD,Passing,Tia,N,,M,S,N
November,1,4,3,Boat01,Left_4_20191111.MP4,23217,12.9112,1018.616,27.759,100.754,5294.553,7.998,79.178,55.481,733.37,-69.655,-5243.053,20210706,BHTH,Lamnidae,Carcharodon,carcharias,37010003,Bait,AD,Passing,Tia,N,,M,S,N
February,2,1,4,Control,Left_1_20200213_big.MP4,22279,12.3896,0,17.123,82.476,3614.426,5.891,82.581,42.276,247.126,-276.705,-3595.336,"BH, TH, WM",20210527,Lamnidae,Carcharodon,carcharias,37010003,Bait,AD,Feeding,Elfie,Y,Measurement taken from Pectrol,H,D,N
February,2,2,5,Control,Left_1_20200213_big.MP4,22279,12.3896,0,17.123,82.476,3614.426,5.891,82.581,42.276,247.126,-276.705,-3595.336,"BH, TH, WM",20210527,Lamnidae,Carcharodon,carcharias,37010003,Bait,AD,Feeding,Elfie,Y,Measurement taken from Pectrol,H,D,N
March,3,1,6,Boat01,Left_1_20200325.MP4,20181,5.6114,2514.091,10000.022,6.352,803.455,21.26,83.759,0.778,-278.348,86.005,-748.776,bh,20210906,Lamnidae,Carcharodon,carcharias,37010003,Bait,AD,Passing,White Spot,N,Measurement from Pectoral Fin,M,D,N
March,3,1,6,Boat01,Left_1_20200325.MP4,28795,8.0066,1084.591,14.561,134.96,3320.949,14.272,55.95,18.54,-667.294,-474.329,-3218.452,bh,20210906,Lamnidae,Carcharodon,carcharias,37010003,Bait,AD,Passing,Unknown,N,,M,D,N
March,3,1,6,Boat01,Left_1_20200325.MP4,29547,8.2157,2056.706,35.882,184.179,4533.614,12.117,89.226,3.28,-432.204,-847.838,-4432.61,bh,20210906,Lamnidae,Carcharodon,carcharias,37010003,Bait,AD,Passing,Unknown,N,,M,D,N
March,3,1,6,Boat01,Left_1_20200325.MP4,30161,8.3864,1267.903,20.553,67.548,4122.643,4.184,57.405,29.129,-207.5,217.789,-4111.654,bh,20210906,Lamnidae,Carcharodon,carcharias,37010003,Bait,AD,Passing,Unknown,N,,M,S,N
March,3,3,7,Control,Left_3_20200325.MP4,12820,3.5647,6268.73,74.819,362.825,6008.095,15.705,63.717,15.647,931.35,1333.214,-5783.799,20200609,BH,Lamnidae,Carcharodon,carcharias,37010003,Bait,AD,Passing,Small,Y,,M,D,N
March,3,3,7,Control,Left_3_20200325_1.MP4,99,12.0662,9074.439,153.795,113.766,7786.713,9.338,70.129,1.842,1195.144,-409.63,-7683.536,20200609,BH,Lamnidae,Carcharodon,carcharias,37010003,Bait,AD,Passing,Unknown,Y,,M,S,N
March,3,3,7,Control,Left_3_20200325_1.MP4,1477,12.4494,696.532,15.13,98.695,3506.95,12.373,88.701,38.873,-581.636,475.759,-3425.5,20200609,BH,Lamnidae,Carcharodon,carcharias,37010003,Bait,AD,Passing,Small,Y,,M,S,N
March,3,3,7,Control,Left_3_20200325_1.MP4,2298,12.6777,840.208,16.29,66.768,3602.904,7.713,82.382,38.023,-283.468,391.744,-3570.308,20200609,BH,Lamnidae,Carcharodon,carcharias,37010003,Bait,AD,Passing,Small,Y,,M,D,N
March,3,3,7,Control,Left_3_20200325_1.MP4,6990,13.9823,1014.363,7.149,34.947,2045.766,13.604,69.036,16.412,-479.649,38.315,-1988.373,20200609,BH,Lamnidae,Carcharodon,carcharias,37010003,Bait,AD,Passing,Small,Y,,M,S,N
March,3,3,7,Control,Left_3_20200325_1.MP4,9240,14.6079,0,2.473,54.22,3979.54,15.31,25.097,88.898,1040.888,-143.753,-3838.31,20200609,BH,Lamnidae,Carcharodon,carcharias,37010003,Bait,AD,Feeding,White Spot,Y,,H,D,N
March,3,6,8,Control,Left_6_20200326.MP4,26911,7.4828,1444.434,20.472,110.543,3482.108,11.106,81.439,9.864,-563.772,-363.415,-3416.895,BHEB,20210609,Lamnidae,Carcharodon,carcharias,37010003,Bait,AD,Passing,Shark 4,N,,M,S,N
March,3,6,8,Control,Left_6_20200326_1.MP4,10198,14.812,15445.731,418.151,100.609,12207.865,12.734,76.396,1.461,2690.462,-49.302,-11907.6,BHEB,20210609,Lamnidae,Carcharodon,carcharias,37010003,Bait,AD,Passing,Unknown,N,,L,S,N
March,3,6,8,Control,Left_6_20200326_1.MP4,11858,15.2736,4871.014,8619.143,67.42,2873.126,8.114,77.109,2.416,402.194,-51.856,-2844.363,BHEB,20210609,Lamnidae,Carcharodon,carcharias,37010003,Bait,AD,Passing,White Spot,N,Reaction?,M,S,N
March,3,6,8,Control,Left_6_20200326_1.MP4,19579,17.4205,3028.446,21.558,98.523,3671.734,8.471,49.948,9.561,-44.224,539.084,-3631.675,BHEB,20210609,Lamnidae,Carcharodon,carcharias,37010003,Bait,AD,Passing,Shark 4,N,,M,D,N
March,3,7,9,Control,Left_7_20200326.MP4,28956,8.0514,8135.283,89.75,379.85,6294.1,12.928,57.83,21.202,1202.542,732.578,-6134.567,EBBH,20210609,Lamnidae,Carcharodon,carcharias,37010003,Bait,AD,Passing,Shark 4,N,,M,D,N
March,3,7,9,Control,Left_7_20200326.MP4,33127,9.2111,1530.639,32.275,212.949,5139.364,13.544,85.914,39.988,649.359,1013.372,-4996.446,EBBH,20210609,Lamnidae,Carcharodon,carcharias,37010003,Bait,AD,Passing,Shark 4,N,,M,S,N
March,3,7,9,Control,Left_7_20200326.MP4,40684,11.3124,3024.057,8270.682,8.624,1974.94,13.561,76.384,3.213,-462.827,15.477,-1919.88,EBBH,20210609,Lamnidae,Carcharodon,carcharias,37010003,Bait,AD,Passing,Shark 4,N,,M,S,N
March,3,7,9,Control,Left_7_20200326.MP4,42114,11.71,2768.801,34.589,172.428,4564.355,9.621,73.999,21.904,115.735,753.974,-4500.163,EBBH,20210609,Lamnidae,Carcharodon,carcharias,37010003,Bait,AD,Passing,Shark 4,N,,M,D,N
March,3,7,9,Control,Left_7_20200326_1 and Left_8_20200326.MP4,1174,12.3651,6690.168,8645.322,146.673,3801.312,13.182,76.625,9.09,586.631,638.184,-3701.156,EBBH,20210609,Lamnidae,Carcharodon,carcharias,37010003,Bait,AD,Passing,Shark 4,N,,M,D,N
March,3,7,9,Control,Left_7_20200326_1 and Left_8_20200326.MP4,7452,14.1108,3575.843,45.886,204.034,5431.762,12.587,66.661,26.479,892.552,777.504,-5301.215,EBBH,20210609,Lamnidae,Carcharodon,carcharias,37010003,Bait,AD,Passing,Shark 4,N,,M,S,N
March,3,7,9,Control,Left_7_20200326_1 and Left_8_20200326.MP4,8921,14.5192,6487.444,8657.988,34.578,3686.236,12.252,73.981,3.626,716.635,313.65,-3602.276,EBBH,20210609,Lamnidae,Carcharodon,carcharias,37010003,Bait,AD,Passing,Shark 4,N,,M,S,N
March,3,8,10,Boat01,Left_7_20200326_1 and Left_8_20200326.MP4,41589,23.6027,660.271,5.511,166.409,4367.219,11.984,4.734,39.941,108.63,900.303,-4272.032,EBBH,20210609,Lamnidae,Carcharodon,carcharias,37010003,Bait,AD,Passing,Small,N,,M,S,N
March,3,8,10,Boat01,Left_8_20200326_1.MP4,26711,31.4778,0,16.245,54.135,3325.588,13.023,74.319,4.577,-541.481,518.077,-3240.051,EBBH,20210609,Lamnidae,Carcharodon,carcharias,37010003,Bait,AD,Feeding,Shark 4,N,,H,D,N
March,3,8,10,Boat01,Left_8_20200326_1.MP4,29119,32.1474,1961.653,7986.301,83.337,1451.384,19.369,73.088,10.787,-393.48,277.274,-1369.237,EBBH,20210609,Lamnidae,Carcharodon,carcharias,37010003,Bait,AD,Passing,Shark 4,N,,M,D,N
March,3,8,10,Boat01,Left_8_20200326_1.MP4,30228,32.4558,10997.838,214.248,134.576,9066.518,17.614,69.152,7.678,2679.997,587.336,-8641.435,EBBH,20210609,Lamnidae,Carcharodon,carcharias,37010003,Bait,AD,Passing,Shark 4,N,,M,D,N
March,3,8,10,Boat01,Left_8_20200326_1.MP4,30712,32.5903,3651.251,79.274,287.637,7248.625,17.505,70.746,24.054,1832.518,1181.311,-6912.955,EBBH,20210609,Lamnidae,Carcharodon,carcharias,37010003,Bait,AD,Passing,Shark 4,N,Measurment from Pectoral fin,M,D,N
March,3,8,10,Boat01,Left_8_20200326_1.MP4,31538,32.82,1062.717,4.693,106.081,4644.616,5.967,2.025,65.806,477.513,71.516,-4619.451,EBBH,20210609,Lamnidae,Carcharodon,carcharias,37010003,Bait,AD,Passing,Shark 4,N,,M,D,N
March,3,8,10,Boat01,Left_8_20200326_1.MP4,36809,34.2856,3858.97,38.041,240.588,4832.205,14.441,59.818,23.84,932.2,763.707,-4679.526,EBBH,20210609,Lamnidae,Carcharodon,carcharias,37010003,Bait,AD,Passing,Shark 4,N,Measurement from Pectrol Fin,M,S,N
March,3,8,10,Boat01,Left_8_20200326_1.MP4,42139,35.7677,2892.353,27.932,106.85,4980.674,12.925,40.434,24.384,1062.162,336.088,-4854.48,EBBH,20210609,Lamnidae,Carcharodon,carcharias,37010003,Bait,AD,Passing,Shark 4,N,,M,S,N
March,3,8,10,Boat01,Left_8_20200326_2 and Left_9_20200326.MP4,637,36.2042,11589.45,10000,47.065,2654.097,41.382,74.872,2.356,-1720.169,-345.77,1991.404,EBBH,20210609,Lamnidae,Carcharodon,carcharias,37010003,Bait,AD,Passing,Shark 4,N,,M,S,N
March,3,8,10,Boat01,Left_8_20200326_2 and Left_9_20200326.MP4,1235,36.3705,889.45,3.858,73.907,4157.896,3.265,5.135,46.643,-222.054,82.368,-4151.146,EBBH,20210609,Lamnidae,Carcharodon,carcharias,37010003,Bait,AD,Passing,Small,N,,M,D,N
March,3,8,10,Boat01,Left_8_20200326_2 and Left_9_20200326.MP4,7478,38.1064,2744.948,50.601,178.751,5475.275,5.487,79.925,19.049,466.3,-238.006,-5450.189,EBBH,20210609,Lamnidae,Carcharodon,carcharias,37010003,Bait,AD,Passing,Unknown,N,,M,D,N
March,3,9,11,Control,Left_8_20200326_2 and Left_9_20200326.MP4,33988,45.4777,4964.225,118.788,94.64,8063.632,6.023,73.701,8.845,660.125,529.226,-8019.122,EBBH,20210609,Lamnidae,Carcharodon,carcharias,37010003,Bait,AD,Passing,Unknown,N,measurement not accurate,M,D,N
March,3,9,11,Control,Left_9_20200326_1.MP4,8259,50.4779,1585.248,22.943,81.463,3975.98,7.702,73.479,26.543,-372.917,380.625,-3940.111,EBBH,20210609,Lamnidae,Carcharodon,carcharias,37010003,Bait,AD,Passing,Shark 4,N,,M,D,N
March,3,9,11,Control,Left_9_20200326_1.MP4,9042,50.6956,998.928,11.804,59.294,3098.426,9.668,53.192,23.744,-520.262,-10.673,-3054.416,EBBH,20210609,Lamnidae,Carcharodon,carcharias,37010003,Bait,AD,Passing,Shark 4,N,,M,D,N
March,3,10,12,Boat01,Left_10b_20200326.MP4,9869,2.7441,1391.826,5.829,112.77,5197.728,4.394,1.747,55.705,373.521,137.992,-5182.452,BH,20200614,,,carcharias,,Bait,AD,Passing,Itchy,N,Measurement from Tail,M,S,N
March,3,10,12,Boat01,Left_10b_20200326.MP4,12248,3.4056,1944.315,47.893,289.119,7220.466,15.284,86.279,55.156,1581.884,1058.446,-6965.089,BH,20200614,,,carcharias,,Bait,AD,Passing,Itchy,N,,M,D,N
March,3,10,12,Boat01,Left_10b_20200326.MP4,18013,5.0086,3235.775,22.191,135.195,3129.028,2.432,70.532,14.943,11.552,-132.255,-3126.21,BH,20200614,,,carcharias,,Bait,AD,Passing,Itchy,N,,M,S,N
March,3,10,12,Boat01,Left_10b_20200326.MP4,18400,5.1162,704.073,54.927,130.813,7829.761,14.165,43.264,33.916,1706.386,871.526,-7591.696,BH,20200614,,,carcharias,,Bait,AD,Passing,Itchy,N,,M,S,N
March,3,10,12,Boat01,Left_10b_20200326.MP4,20021,5.567,7876.815,148.128,100.164,7960.197,7.491,81.629,12.791,901.88,513.46,-7892.256,BH,20200614,,,carcharias,,Bait,AD,Passing,Itchy,N,Measurement from Dorsal,M,D,N
March,3,10,12,Boat01,Left_10b_20200326.MP4,20514,5.704,983.882,7.424,142.468,4029.776,8.658,15.13,14.074,-78.134,-601.585,-3983.853,BH,20200614,,,carcharias,,Bait,AD,Passing,Scratchy,N,,M,D,N
March,3,10,12,Boat01,Left_10b_20200326.MP4,21167,5.8856,1322.966,22.363,233.906,4760.289,11.765,41.792,22.532,506.033,-828.282,-4660.282,BH,20200614,,,carcharias,,Bait,AD,Passing,Scratchy,N,Taken from Dorsal,M,S,N
March,3,10,12,Boat01,Left_10b_20200326.MP4,21178,5.8887,2196.967,35.364,127.727,5169.78,10.811,73.998,35.306,965.068,94.675,-5078.022,BH,20200614,,,carcharias,,Bait,AD,Passing,Itchy,N,,M,S,N
March,3,10,12,Boat01,Left_10b_20200326.MP4,22324,6.2073,0,7.72,108.461,2180.454,13.415,0,0,244.95,-442.615,-2120.96,BH,20200614,,,carcharias,,Bait,AD,Feeding,Itchy,N,,H,S,N
March,3,10,12,Boat01,Left_10b_20200326.MP4,22553,6.271,4762.476,60.168,419.765,5642.375,17.577,65.089,13.666,1100.446,-1300.909,-5378.946,BH,20200614,,,carcharias,,Bait,AD,Passing,Bully,N,,H,D,N
March,3,10,12,Boat01,Left_10b_20200326.MP4,24216,6.7334,927.752,15.989,107.057,4207.882,6.766,82.115,56.101,-102.624,485.002,-4178.578,BH,20200614,,,carcharias,,Bait,AD,Passing,Itchy,N,,M,D,N
March,3,10,12,Boat01,Left_10b_20200326.MP4,25472,7.0826,2474.706,40.945,109.895,5021.565,7.915,73.581,17.288,19.441,691.185,-4973.732,BH,20200614,,,carcharias,,Bait,AD,Passing,Itchy,N,,M,D,N
March,3,10,12,Boat01,Left_10b_20200326.MP4,32332,8.9901,8822.096,10000.232,102.345,3782.076,16.028,73.906,1.578,1041.209,-79.71,-3635.055,BH,20200614,,,carcharias,,Bait,AD,Passing,Bully,N,,L,D,N
March,3,10,12,Boat01,Left_10b_20200326.MP4,33492,9.3126,5601.891,8905.189,31.678,3265.608,6.225,79.377,0.016,346.698,72.134,-3246.351,BH,20200614,,,carcharias,,Bait,AD,Passing,Itchy,N,,M,D,N
March,3,10,12,Boat01,Left_10b_20200326.MP4,35842,9.9661,1832.701,33.977,153.596,4921.74,8.536,85.017,32.384,166.9,711.231,-4867.219,BH,20200614,,,carcharias,,Bait,AD,Passing,Bully,N,,M,D,N
March,3,10,12,Boat01,Left_10b_20200326.MP4,36878,10.2541,6067.236,80.572,279.369,6212.688,11.065,71.894,18.671,656.128,995.591,-6097.195,BH,20200614,,,carcharias,,Bait,AD,Passing,Itchy,N,,L,S,N
March,3,10,12,Boat01,Left_10b_20200326.MP4,37763,10.5002,579.209,30.977,58.975,4556.908,1.457,80.174,18.008,-102.349,-54.381,-4555.434,BH,20200614,,,carcharias,,Bait,AD,Passing,Bully,N,,M,D,N
March,3,10,12,Boat01,Left_10b_20200326.MP4,38327,10.657,489.976,5.739,126.461,4261.56,8.085,9.301,5.066,-279.036,-530.457,-4219.2,BH,20200614,,,carcharias,,Bait,AD,Passing,Bully,N,,M,D,N
March,3,11,13,Control,Left_11_20200326.MP4,17665,4.9119,7683.915,123.733,96.421,7421.132,10.153,66.171,6.461,1308.083,-11.413,-7304.929,BH,20200614,,,carcharias,,Bait,AD,Passing,Itchy,Y,,M,S,N
March,3,11,13,Control,Left_11_20200326.MP4,17672,4.9138,6227.414,94.661,446.514,6779.698,12.941,71.802,16.115,705.378,-1344.486,-6607.504,BH,20200614,,,carcharias,,Bait,AD,Passing,Unknown,Y,,M,D,N
March,3,11,13,Control,Left_11_20200326.MP4,18447,5.1293,800.89,31.113,111.378,4659.958,5.129,69.273,16.772,196.293,-367.425,-4641.301,BH,20200614,,,carcharias,,Bait,AD,Passing,Unknown,Y,,H,D,N
March,3,11,13,Control,Left_11_20200326.MP4,18944,5.2675,0,96.321,352.38,8054.43,16.56,57.008,22.989,1907.492,1277.294,-7720.352,BH,20200614,,,carcharias,,Bait,AD,Feeding,Unknown,Y,,H,D,N
March,3,11,13,Control,Left_11_20200326.MP4,19944,5.5455,503.887,26.036,16.254,4112.93,5.02,86.485,12.686,-299.04,200.268,-4097.153,BH,20200614,,,carcharias,,Bait,AD,Passing,Unknown,Y,,M,S,N
March,3,11,13,Control,Left_11_20200326.MP4,20744,5.768,1057.658,18.053,183.366,5996.176,9.525,25.606,48.35,392.125,911.5,-5913.504,BH,20200614,,,carcharias,,Bait,AD,Passing,Itchy,Y,,M,S,N
March,3,11,13,Control,Left_11_20200326.MP4,21604,6.0071,0,45.366,104.594,4459.697,4.666,69.234,5.245,198.803,-303.452,-4444.917,BH,20200614,,,carcharias,,Bait,AD,Feeding,Unknown,Y,,H,D,N
March,3,13,14,Control,Left_12_20200326_2 and Left_13_20200326.MP4,35202,9.7881,2121.934,32.246,104.207,4416.68,16.444,82.308,15.593,1169.366,442.417,-4236.026,20210615,THLH,Lamnidae,Carcharodon,carcharias,37010003,Bait,AD,Passing,Itchy,N,Measured from pectoral fin,M,S,N
March,3,13,14,Control,Left_12_20200326_2 and Left_13_20200326.MP4,35743,9.9385,1037.524,14.623,83.084,3184.267,9.319,70.103,21.836,318.205,405.736,-3142.241,20210615,THLH,Lamnidae,Carcharodon,carcharias,37010003,Bait,AD,Passing,Unknown,N,Measured from pectoral fin,M,D,N
March,3,13,14,Control,Left_13_20200326_1.MP4,2776,13.0241,1258.096,10.6,182.637,2962.346,11.979,58.848,37.596,-565.082,-242.312,-2897.837,20210615,THLH,Lamnidae,Carcharodon,carcharias,37010003,Bait,AD,Passing,Unknown,N,Measured from back of dorsal,M,D,N
March,3,13,14,Control,Left_13_20200326_1.MP4,6608,14.0896,582.141,10.158,44.913,3328.91,9.178,65.892,51.317,-515.125,128.67,-3286.294,20210615,THLH,Lamnidae,Carcharodon,carcharias,37010003,Bait,AD,Passing,Unknown,N,,M,D,N
March,3,13,14,Control,Left_13_20200326_1.MP4,6663,14.1049,1733.447,18.449,108.395,3273.146,9.491,76.233,15.039,-398.323,364.22,-3228.338,20210615,THLH,Lamnidae,Carcharodon,carcharias,37010003,Bait,AD,Passing,Itchy,N,Measured from pectoral fin,M,S,N
March,3,13,14,Control,Left_13_20200326_1.MP4,10819,15.2605,6817.355,91.923,125.54,6358.523,8.104,68.316,11.855,737.177,509.93,-6295.026,20210615,THLH,Lamnidae,Carcharodon,carcharias,37010003,Bait,AD,Passing,Unknown,N,,L,D,N
March,3,13,14,Control,Left_13_20200326_1.MP4,12845,15.8239,654.48,10.902,40.039,3906.191,5.479,50.003,55.004,-370.501,42.696,-3888.346,20210615,THLH,Lamnidae,Carcharodon,carcharias,37010003,Bait,AD,Passing,Unknown,N,,M,S,N
March,3,13,14,Control,Left_13_20200326_1.MP4,14546,16.2968,1044.82,10.37,98.07,5633.482,4.791,40.99,75.943,329.703,335.689,-5613.798,20210615,THLH,Lamnidae,Carcharodon,carcharias,37010003,Bait,AD,Passing,Unknown,N,,M,S,N
March,3,13,14,Control,Left_13_20200326_1.MP4,20646,17.993,2287.474,24.82,55.321,3755.557,2.039,71.802,15.095,-122.427,53.49,-3753.18,20210615,THLH,Lamnidae,Carcharodon,carcharias,37010003,Bait,AD,Passing,Unknown,N,,M,D,N
March,3,13,14,Control,Left_13_20200326_1.MP4,29674,20.5033,2467.367,25.866,161.793,4600.486,9.388,49.982,24.632,305.914,685.242,-4538.869,20210615,THLH,Lamnidae,Carcharodon,carcharias,37010003,Bait,AD,Passing,Unknown,N,Measured from pectoral fin,M,S,N
March,3,13,14,Control,Left_13_20200326_1.MP4,33642,21.6066,2066.273,74.612,259.243,8817.534,13.191,52.486,40.24,1661.473,1135.125,-8584.865,20210615,THLH,Lamnidae,Carcharodon,carcharias,37010003,Bait,AD,Passing,Unknown,N,,M,S,N
March,3,14,15,Boat01,Left_14_20200326.MP4,21728,6.0416,2674.775,13.279,186.53,3791.763,14.78,24.043,32.064,954.234,158.618,-3666.298,BH,20200616,Lamnidae,Carcharodon,carcharias,37010003,Bait,AD,Passing,Itchy,N,,M,S,N
March,3,14,15,Boat01,Left_14_20200326.MP4,23434,6.516,1420.399,4.297,126.452,3130.706,7.126,12.797,38.762,46.019,385.649,-3106.522,BH,20200616,Lamnidae,Carcharodon,carcharias,37010003,Bait,AD,Passing,Itchy,N,,M,S,N
March,3,14,15,Boat01,Left_14_20200326.MP4,37814,10.5144,0,35.039,119.887,4741.31,12.573,0,0,470.533,918.578,-4627.616,BH,20200616,Lamnidae,Carcharodon,carcharias,37010003,Bait,AD,Feeding,Itchy,N,Bait couldn't be computed,H,S,N
March,3,14,15,Boat01,Left_14_20200326.MP4,39560,10.9999,630.559,18.79,111.886,3644.068,12.408,69.405,11.339,75.48,779.349,-3558.953,BH,20200616,Lamnidae,Carcharodon,carcharias,37010003,Bait,AD,Passing,Itchy,N,Taken from Pecotral to Bait Line,M,D,N
March,3,14,15,Boat01,Left_14_20200326.MP4,41209,11.4584,3132.9,24.975,48.003,3345.298,4.687,74.644,10.807,262.174,77.422,-3334.11,BH,20200616,Lamnidae,Carcharodon,carcharias,37010003,Bait,AD,Passing,Itchy,N,,H,D,N
March,3,14,15,Boat01,Left_14_20200326.MP4,42565,11.8354,2078.386,34.773,60.049,4769.984,6.86,69.376,19.81,513.924,245.86,-4735.84,BH,20200616,Lamnidae,Carcharodon,carcharias,37010003,Bait,AD,Passing,Itchy,N,,H,D,N
March,3,14,15,Boat01,Left_14_20200326.MP4,42899,11.9283,326.079,5.198,48.842,3797.684,1.513,17.946,49.02,74.571,-66.994,-3796.361,BH,20200616,Lamnidae,Carcharodon,carcharias,37010003,Bait,AD,Passing,Itchy,N,,H,D,N
March,3,14,15,Boat01,Left_14_20200326.MP4,43565,12.1135,2101.013,15.372,224.864,4366.675,10.637,47.335,52.6,637.079,-493.79,-4291.637,BH,20200616,Lamnidae,Carcharodon,carcharias,37010003,Bait,AD,Passing,Itchy,N,,H,V,N
March,3,14,15,Boat01,Left_14_20200326_1.MP4,1736,12.6549,5231.616,10000.016,37.941,2011.723,5.707,81.628,0.051,190.356,61.5,-2001.752,BH,20200616,Lamnidae,Carcharodon,carcharias,37010003,Bait,AD,Passing,Itchy,N,,M,D,N
March,3,14,15,Boat01,Left_14_20200326_1.MP4,3896,13.2555,497.692,5.503,90.529,3319.537,9.133,61.872,72.767,-344.599,398.571,-3277.456,BH,20200616,Lamnidae,Carcharodon,carcharias,37010003,Bait,AD,Passing,Itchy,N,,M,S,N
March,3,14,15,Boat01,Left_14_20200326_1.MP4,4720,13.4846,2299.21,26.178,72.336,3737.834,9.59,78.024,5.958,-453.433,426.847,-3685.594,BH,20200616,Lamnidae,Carcharodon,carcharias,37010003,Bait,AD,Passing,Scratchy,N,Taken to Bait Line - cant compute,M,D,N
March,3,14,15,Boat01,Left_14_20200326_1.MP4,15533,16.4912,2826.465,10000.036,24.731,945.56,28.618,78.799,1.929,-439.134,110.794,-830.043,BH,20200616,Lamnidae,Carcharodon,carcharias,37010003,Bait,AD,Passing,Itchy,N,,M,D,N
March,3,14,15,Boat01,Left_14_20200326_1.MP4,16243,16.6886,1296.54,36.635,78.599,4958.994,12.118,69.004,3.891,844.422,608.85,-4848.492,BH,20200616,Lamnidae,Carcharodon,carcharias,37010003,Bait,AD,Passing,Itchy,N,,H,D,N
March,3,14,15,Boat01,Left_14_20200326_1.MP4,17514,17.042,2888.06,21.436,200.592,3266.682,10.022,73.007,19.127,-164.207,-544.246,-3216.838,BH,20200616,Lamnidae,Carcharodon,carcharias,37010003,Bait,AD,Passing,Itchy,N,,H,D,N
March,3,14,15,Boat01,Left_14_20200326_1.MP4,19486,17.5904,3498.196,69.799,261.16,7430.313,15.725,52.032,24.351,1951.241,-497.699,-7152.238,BH,20200616,Lamnidae,Carcharodon,carcharias,37010003,Bait,AD,Passing,Itchy,N,,H,D,N
March,3,14,15,Boat01,Left_14_20200326_1.MP4,22303,18.3736,2621.552,33.556,208.851,4737.156,11.845,75.7,30.264,479.178,846.125,-4636.282,BH,20200616,Lamnidae,Carcharodon,carcharias,37010003,Bait,AD,Passing,Unknown,N,,M,D,N
March,3,14,15,Boat01,Left_14_20200326_1.MP4,26529,19.5487,1636.705,27.027,150.529,4366.964,9.002,85.963,31.536,-240.583,639.573,-4313.171,BH,20200616,Lamnidae,Carcharodon,carcharias,37010003,Bait,AD,Passing,Unknown,N,,M,D,N
March,3,14,15,Boat01,Left_14_20200326_1.MP4,28902,20.2085,7915.732,8972.524,42.267,4357.015,11.257,74.352,0.756,839.668,135.554,-4273.192,BH,20200616,Lamnidae,Carcharodon,carcharias,37010003,Bait,AD,Passing,Unknown,N,,M,S,N
March,3,14,15,Boat01,Left_14_20200326_1.MP4,31825,21.0213,7651.937,150.48,268.423,8606.403,14.843,64.502,4.654,1917.207,1088.505,-8319.233,BH,20200616,Lamnidae,Carcharodon,carcharias,37010003,Bait,AD,Passing,Unknown,N,,M,D,N
March,3,15,16,Boat01,Left_15_20200326.MP4,19804,5.5066,2022.599,21.242,238.125,4591.299,9.694,54.81,43.216,575.952,-515.739,-4525.74,BH,20200616,Lamnidae,Carcharodon,carcharias,37010003,Bait,AD,Passing,Unknown,N,,M,D,N
March,3,15,16,Boat01,Left_15_20200326.MP4,29871,8.3058,2526.012,36.354,130.688,4740.516,3.241,67.109,16.56,241.512,-116.123,-4732.935,BH,20200616,Lamnidae,Carcharodon,carcharias,37010003,Bait,AD,Passing,Kachow,N,reaction - very quick head move,H,S,Y
March,3,15,16,Boat01,Left_15_20200326.MP4,33849,9.4119,0,35.338,37.596,4718.151,1.746,0,0,138.672,-37.841,-4715.961,BH,20200616,Lamnidae,Carcharodon,carcharias,37010003,Bait,AD,Feeding,Kachow,N,,H,D,N
March,3,15,16,Boat01,Left_15_20200326.MP4,36871,10.2522,1708.487,33.858,210.335,5556.973,11.266,79.199,46.694,524.831,950.314,-5449.9,BH,20200616,Lamnidae,Carcharodon,carcharias,37010003,Bait,AD,Passing,Itchy,N,,M,S,N
March,3,15,16,Boat01,Left_15_20200326.MP4,37261,10.3606,6613.572,108.393,435.939,7548.489,13.599,66.27,19.447,1524.449,-908.886,-7336.871,BH,20200616,Lamnidae,Carcharodon,carcharias,37010003,Bait,AD,Passing,Kachow,N,,H,D,N
March,3,15,16,Boat01,Left_15_20200326_1.MP4,2713,12.8286,923.649,25.229,81.186,4658.742,6.099,88.848,43.401,310.022,385.843,-4632.374,BH,20200616,Lamnidae,Carcharodon,carcharias,37010003,Bait,AD,Passing,Unknown,N,,M,D,N
March,3,15,16,Boat01,Left_15_20200326_1.MP4,4732,13.39,5314.322,80.195,382.338,6829.565,17.426,63.898,21.625,1459.611,1432.739,-6516.115,BH,20200616,Lamnidae,Carcharodon,carcharias,37010003,Bait,AD,Passing,Unknown,N,,M,S,N
March,3,15,16,Boat01,Left_15_20200326_1.MP4,14800,16.1895,2051.427,34.472,103.225,4990.478,8.288,72.198,30.936,589.526,412.288,-4938.354,BH,20200616,Lamnidae,Carcharodon,carcharias,37010003,Bait,AD,Passing,Itchy,N,Taken from Tail,M,S,N
March,3,15,16,Boat01,Left_15_20200326_1.MP4,14800,16.1895,3485.987,35.357,103.521,4232.006,9.744,69.057,8.806,243.396,673.608,-4170.958,BH,20200616,Lamnidae,Carcharodon,carcharias,37010003,Bait,AD,Passing,Itchy,N,Taken from Tail,M,S,N
March,3,15,16,Boat01,Left_15_20200326_1.MP4,17081,16.8238,4324.919,79.344,102.635,6638.144,10.826,68.067,6.838,1227.705,-217.651,-6519.994,BH,20200616,Lamnidae,Carcharodon,carcharias,37010003,Bait,AD,Passing,Itchy,N,,M,D,N
March,3,15,16,Boat01,Left_15_20200326_1.MP4,19078,17.379,1087.762,12.072,137.943,3204.03,5.953,89.43,45.035,-57.805,-327.232,-3186.751,BH,20200616,Lamnidae,Carcharodon,carcharias,37010003,Bait,AD,Passing,Itchy,N,,M,D,N
March,3,15,16,Boat01,Left_15_20200326_1.MP4,20400,17.7466,715.588,6.356,113.211,3680.785,8.427,24.51,52.681,-348.32,411.907,-3641.042,BH,20200616,Lamnidae,Carcharodon,carcharias,37010003,Bait,AD,Passing,Itchy,N,,M,S,N
April,4,1b,17,Boat01,R1b_20200411_left.MP4,13630,3.7899,2176.948,25.556,94.254,5423.334,11.169,43.78,42.184,100.509,-1045.66,-5320.624,BH,20200616,Lamnidae,Carcharodon,carcharias,37010003,Bait,AD,Passing,Shark 1,N,,M,D,N
April,4,1b,17,Boat01,R1b_20200411_left.MP4,28820,8.0136,2873.539,49.718,98.786,6097.791,6.847,50.267,0.942,271.346,-674.473,-6054.297,BH,20200616,Lamnidae,Carcharodon,carcharias,37010003,Bait,AD,Passing,Shark 1,N,,M,D,N
April,4,1b,17,Boat01,R1b_20200411_left.MP4,30310,8.4279,2378.213,64.542,150.56,6206.485,4.286,80.604,9.338,-327.111,-328.907,-6189.125,BH,20200616,Lamnidae,Carcharodon,carcharias,37010003,Bait,AD,Passing,Shark 1,N,,M,S,N
April,4,2b,18,Control,R2b_20200411_left(2).MP4,5806,13.6887,888.754,26.722,72.364,4187.719,9.97,73.016,2.077,283.3,-667.411,-4124.475,BH,20200616,Lamnidae,Carcharodon,carcharias,37010003,Bait,AD,Passing,Shark 2,N,,M,V,N
April,4,2b,18,Control,R2b_20200411_left(2).MP4,9355,14.6755,3809.224,42.719,108.731,5959.235,13.063,35.261,7.26,1271.035,-445.706,-5805.024,BH,20200616,Lamnidae,Carcharodon,carcharias,37010003,Bait,AD,Passing,Shark 2,N,,L,D,N
April,4,2b,18,Control,R2b_20200411_left(2).MP4,10033,14.864,4005.31,59.292,117.618,6352.59,17.153,45.518,6.134,1769.185,-616.466,-6070.037,BH,20200616,Lamnidae,Carcharodon,carcharias,37010003,Bait,AD,Passing,Shark 2,N,,M,D,N
April,4,2b,18,Control,R2b_20200411_left(2).MP4,10499,14.9936,4927.029,84.717,145.718,6962.445,19.171,47.662,5.96,2248.532,-414.048,-6576.345,BH,20200616,Lamnidae,Carcharodon,carcharias,37010003,Bait,AD,Passing,Shark 2,N,,M,D,N
April,4,2b,18,Control,R2b_20200411_left.MP4,27757,7.718,783.417,34.454,82.876,4901.324,5.83,64.667,3.377,-215.051,-449.041,-4875.971,BH,20200616,Lamnidae,Carcharodon,carcharias,37010003,Bait,AD,Passing,Shark 1,N,,M,V,N
April,4,2b,18,Control,R2b_20200411_left.MP4,29378,8.1687,872.823,13.519,83.755,4704.872,18.631,12.86,11.622,-1391.381,-568.586,-4458.317,BH,20200616,Lamnidae,Carcharodon,carcharias,37010003,Bait,AD,Passing,Shark 1,N,Reaction - quick turn away?,M,D,Y
April,4,2b,18,Control,R2b_20200411_left.MP4,30179,8.3914,1345.051,40.87,94.056,5090.693,13.993,84.891,0.452,160.559,-1220.43,-4939.628,BH,20200616,Lamnidae,Carcharodon,carcharias,37010003,Bait,AD,Passing,Shark 1,N,,M,D,N
April,4,1,19,Boat01,R1_20200412_3F_left(2).MP4,3969,13.08,1827.576,46.917,21.661,5566.135,11.349,68.813,9.958,858.035,-680.891,-5457.291,BH,20200617,Lamnidae,Carcharodon,carcharias,37010003,Bait,AD,Passing,Old Tag,N,Reaction - quick flick of head,H,D,Y
April,4,1,19,Boat01,R1_20200412_3F_left(2).MP4,11566,15.1924,3653.272,8357.027,8.686,2250.477,7.964,77.964,4.467,267.039,-160.98,-2228.771,BH,20200617,Lamnidae,Carcharodon,carcharias,37010003,Bait,AD,Passing,Old Tag,N,,H,D,N
April,4,1,19,Boat01,R1_20200412_3F_left.MP4,35330,9.8237,1996.726,29.666,5.815,4866.929,10.647,60.425,31.046,-868.822,231.666,-4783.145,BH,20200617,Lamnidae,Carcharodon,carcharias,37010003,Bait,AD,Passing,Old Tag,N,,H,D,N
April,4,1,19,Boat01,R1_20200412_3F_left.MP4,37836,10.5205,1050.262,32.953,4.963,4720.938,15.199,87.522,14.515,-162.716,1226.946,-4555.807,BH,20200617,Lamnidae,Carcharodon,carcharias,37010003,Bait,AD,Passing,Old Tag,N,,H,S,N
April,4,2,20,Control,R1_20200412_3F_left(2).MP4,35279,21.7859,2924.233,50.392,10.884,5375.006,6.594,86.573,18.673,-101.263,-608.857,-5339.45,BH,20200617,Lamnidae,Carcharodon,carcharias,37010003,Bait,AD,Passing,Old Tag,N,,M,D,N
April,4,2,20,Control,R1_20200412_3F_left(2).MP4,36295,22.0684,0,49.407,49.327,5760.201,10.54,85.787,10.525,26.798,1053.325,-5663.012,BH,20200617,Lamnidae,Carcharodon,carcharias,37010003,Bait,AD,Feeding,Old Tag,N,,H,S,N
April,4,2,20,Control,R1_20200412_3F_left(2).MP4,40684,23.2888,1973.531,45.793,14.776,5773.111,2.953,85.843,34.232,64.373,-290.379,-5765.444,BH,20200617,Lamnidae,Carcharodon,carcharias,37010003,Bait,AD,Passing,Old Tag,N,,H,D,N
April,4,2,20,Control,R1_20200412_3F_left(3).MP4,4477,25.1977,5029.665,87.246,27.797,7585.441,17.142,58.551,26.262,2203.514,377.899,-7248.491,BH,20200617,Lamnidae,Carcharodon,carcharias,37010003,Bait,AD,Passing,Old Tag,N,,M,D,N
April,4,2,20,Control,R1_20200412_3F_left(3).MP4,5416,25.4588,2422.236,37.577,12.462,5912.063,6.694,61.498,42.673,-557.9,-404.559,-5871.76,BH,20200617,Lamnidae,Carcharodon,carcharias,37010003,Bait,AD,Passing,Old Tag,N,,H,S,N
April,4,2,20,Control,R1_20200412_3F_left(3).MP4,6453,25.7471,3692.641,21.351,9.749,5124.689,6.435,19.546,18.218,573.811,-24.823,-5092.402,BH,20200617,Lamnidae,Carcharodon,carcharias,37010003,Bait,AD,Passing,Old Tag,N,Taken from Pecotral,M,S,N
April,4,3,21,Boat01,R1_20200412_3F_left(5).MP4,24636,54.7558,2904.82,56.867,75.836,6522.329,24.031,75.37,39.76,2401.058,1135.595,-5957.023,BH,20200617,Lamnidae,Carcharodon,carcharias,37010003,Bait,AD,Passing,Old Tag,N,,M,S,N
April,4,3,21,Boat01,R1_20200412_3F_left(5).MP4,29278,56.0465,5828.746,56.289,6.318,4292.488,2.34,89.24,8.951,-174.705,14.246,-4288.907,BH,20200617,Lamnidae,Carcharodon,carcharias,37010003,Bait,AD,Passing,Old Tag,N,,M,D,N
April,4,3,21,Boat01,R1_20200412_3F_left(5).MP4,40736,59.2325,1708.41,48.482,8.043,5694.235,10.86,84.112,21.379,-799.763,715.051,-5592.262,BH,20200617,Lamnidae,Carcharodon,carcharias,37010003,Bait,AD,Passing,New Tagged,N,,H,D,N
April,4,3,21,Boat01,R1_20200412_3F_left(5).MP4,42217,59.6443,3278.857,48.272,30.067,5074.085,1.754,81.681,15.898,-153.03,-26.742,-5071.706,BH,20200617,Lamnidae,Carcharodon,carcharias,37010003,Bait,AD,Passing,New Tagged,N,,H,D,N
April,4,4,22,Boat01,R1_20200412_3F_left(6).MP4,31334,68.5946,2675.162,60.553,31.152,6384.315,6.362,60.3,2.148,-525.373,473.713,-6345.003,BH,20200617,Lamnidae,Carcharodon,carcharias,37010003,Bait,AD,Passing,New Tagged,N,,M,D,N
April,4,4,22,Boat01,R1_20200412_3F_left(6).MP4,31700,68.6964,940.236,32.919,17.174,5126.992,13.555,56.378,14.553,-950.249,735.541,-4984.18,BH,20200617,Lamnidae,Carcharodon,carcharias,37010003,Bait,AD,Passing,New Tagged,N,Reaction - whole body spasm,H,D,Y
April,4,4,22,Boat01,R1_20200412_3F_left(6).MP4,32511,68.9219,4110.414,79.071,16.553,7178.057,14.296,62.468,17.942,-1747.873,-294.505,-6955.768,BH,20200617,Lamnidae,Carcharodon,carcharias,37010003,Bait,AD,Passing,Unknown,N,,M,D,N
April,4,4,22,Boat01,R1_20200412_3F_left(6).MP4,34239,69.4024,4238.709,90.427,26.383,7131.921,8.345,84.822,19.027,-750.681,-712.729,-7056.401,BH,20200617,Lamnidae,Carcharodon,carcharias,37010003,Bait,AD,Passing,Unknown,N,,M,D,N
April,4,4,22,Boat01,R1_20200412_3F_left(6).MP4,35357,69.7133,3351.764,77.131,38.655,6588.636,3.025,78.808,8.611,-252.236,239.35,-6579.453,BH,20200617,Lamnidae,Carcharodon,carcharias,37010003,Bait,AD,Passing,Unknown,N,,M,D,N
April,4,4,22,Boat01,R1_20200412_3F_left(6).MP4,37449,70.2949,2683.464,71.89,31.369,6623.782,8.338,80.964,13.828,327.666,902.955,-6553.762,BH,20200617,Lamnidae,Carcharodon,carcharias,37010003,Bait,AD,Passing,New Tagged,N,,M,D,N
April,4,4,22,Boat01,R1_20200412_3F_left(6).MP4,38446,70.5722,2501.449,63.871,22.182,6521.326,3.609,61.957,0.215,194.225,361.643,-6508.394,BH,20200617,Lamnidae,Carcharodon,carcharias,37010003,Bait,AD,Passing,New Tagged,N,,M,D,N
April,4,4,22,Boat01,R1_20200412_3F_left(6).MP4,40489,71.1402,1974.483,56.704,19.398,6355.417,11.84,79.655,27.124,-499.813,1204.429,-6220.198,BH,20200617,Lamnidae,Carcharodon,carcharias,37010003,Bait,AD,Passing,New Tagged,N,Reaction - quick head spasm,H,D,Y
April,4,4,22,Boat01,R1_20200412_3F_left(7).MP4,1906,72.3884,5367.852,95.74,17.419,6936.14,4.711,83.756,19.057,338.709,-457.969,-6912.711,BH,20200617,Lamnidae,Carcharodon,carcharias,37010003,Bait,AD,Passing,New Tagged,N,,M,D,N
April,4,4,22,Boat01,R1_20200412_3F_left(7).MP4,4469,73.1011,5774.349,88.56,36.417,6979.559,18.204,68.238,19.69,-1658.174,1415.951,-6630.217,BH,20200617,Lamnidae,Carcharodon,carcharias,37010003,Bait,AD,Passing,New Tagged,N,,M,S,N
April,4,4,22,Boat01,R1_20200412_3F_left(7).MP4,21783,77.9153,3657.953,61.653,4.793,6178.204,11.799,61.09,3.37,-1090.258,638.208,-6047.664,BH,20200617,Lamnidae,Carcharodon,carcharias,37010003,Bait,AD,Passing,New Tagged,N,,M,D,N
April,4,5,23,Control,R5_20200412_3F_left.MP4,3376,0.9387,461.61,10.896,34.484,2740.907,13.562,70.636,10.135,304.284,-566.13,-2664.485,BH,20200617,Lamnidae,Carcharodon,carcharias,37010003,Bait,AD,Passing,New Tagged,N,,M,D,N
April,4,5,23,Control,R5_20200412_3F_left.MP4,4521,1.2571,4042.937,8143.03,5.766,2458.401,9.041,83.063,4.5,-336.146,-190.365,-2427.86,BH,20200617,Lamnidae,Carcharodon,carcharias,37010003,Bait,AD,Passing,New Tagged,N,Measurement from Dorsal,M,D,N
April,4,5,23,Control,R5_20200412_3F_left.MP4,5254,1.4609,4586.093,52.307,25.553,5204.007,12.018,64.352,14.049,-420.359,-998.71,-5089.948,BH,20200617,Lamnidae,Carcharodon,carcharias,37010003,bait,AD,Passing,New Tagged,N,,M,D,N
April,4,5,23,Control,R5_20200412_3F_left.MP4,13785,3.833,6885.954,98.906,25.771,6597.426,12,80.394,18.736,778.56,1129.376,-6453.246,BH,20200617,Lamnidae,Carcharodon,carcharias,37010003,Bait,AD,Passing,New Tagged,N,,M,D,N
April,4,5,23,Control,R5_20200412_3F_left.MP4,20577,5.7215,2697.986,34.134,11.892,4609.89,15.661,67.791,16.925,-447.171,-1161.309,-4438.748,BH,20200617,Lamnidae,Carcharodon,carcharias,37010003,Bait,AD,Passing,New Tagged,N,Measurement from Dorsal,M,D,N
April,4,5,23,Control,R5_20200412_3F_left.MP4,25450,7.0765,2499.326,42.32,6.61,5309.338,15.288,59.88,1.866,-1114.303,-847.43,-5121.451,BH,20200617,Lamnidae,Carcharodon,carcharias,37010003,Bait,AD,Passing,New Tagged,N,,H,D,N
April,4,5,23,Control,R5_20200412_3F_left.MP4,25785,7.1697,2221.395,19.931,11.556,4406.255,4.057,46.585,35.258,-173.289,-259.179,-4395.211,BH,20200617,Lamnidae,Carcharodon,carcharias,37010003,Bait,AD,Passing,New Tagged,N,,H,D,N
April,4,5,23,Control,R5_20200412_3F_left.MP4,29175,8.1123,2152.969,32.226,13.347,4728.983,18.416,85.509,33.172,-1484.39,168.634,-4486.806,BH,20200617,Lamnidae,Carcharodon,carcharias,37010003,Bait,AD,Passing,New Tagged,N,,M,D,N
April,4,5,23,Control,R5_20200412_3F_left.MP4,31142,8.6592,2727.383,43.755,16.779,5274.622,9.17,67.71,17.549,-618.475,-569.316,-5207.207,BH,20200617,Lamnidae,Carcharodon,carcharias,37010003,Bait,AD,Passing,New Tagged,N,Reaction - quick head spasm,M,D,Y
April,4,5,23,Control,R5_20200412_3F_left.MP4,33144,9.2159,2146.576,26.028,10.882,3860.945,0.908,84.486,20.775,50.546,34.507,-3860.46,BH,20200617,Lamnidae,Carcharodon,carcharias,37010003,Bait,AD,Passing,New Tagged,N,,H,D,N
April,4,7,24,Boat01,R7_20200412_3H_left(2).MP4,1469,12.5628,0,49.04,53.736,5638.071,4.972,83.44,7.31,252.532,418.312,-5616.857,20210618,TH,Lamnidae,Carcharodon,carcharias,37010003,Bait,AD,Feeding,New Tagged,N,Touch bait line,H,S,N
April,4,7,24,Boat01,R7_20200412_3H_left(2).MP4,3719,13.1885,0,24.925,142.985,4076.093,12.558,87.465,6.649,-227.415,856.552,-3978.585,20210618,TH,Lamnidae,Carcharodon,carcharias,37010003,Bait,AD,Feeding,Marlin,N,Touch bait line,H,S,N
April,4,7,24,Boat01,R7_20200412_3H_left.MP4,9822,2.7311,3298.941,32.673,88.846,3833.296,4.603,86.633,12.006,275.373,-137.076,-3820.934,20210618,TH,Lamnidae,Carcharodon,carcharias,37010003,Bait,AD,Passing,New Tagged,N,,M,S,N
April,4,7,24,Boat01,R7_20200412_3H_left.MP4,12419,3.4532,3425.627,35.754,83.781,4120.85,2.264,75.696,10.966,-96.438,-131.147,-4117.634,20210618,TH,Lamnidae,Carcharodon,carcharias,37010003,Bait,AD,Passing,New Tagged,N,Measured from top of caudal fin,M,D,N
April,4,7,24,Boat01,R7_20200412_3H_left.MP4,25428,7.0704,4354.262,65.696,69.324,6324.825,3.047,56.788,3.387,307.531,-135.919,-6315.882,20210618,TH,Lamnidae,Carcharodon,carcharias,37010003,Bait,AD,Passing,Unknown,N,,L,D,N
April,4,7,24,Boat01,R7_20200412_3H_left.MP4,27443,7.6307,3525.172,35.719,119.407,4324.165,1.564,69.887,18.082,-45.979,-108.696,-4322.554,20210618,TH,Lamnidae,Carcharodon,carcharias,37010003,Bait,AD,Passing,New Tagged,N,,M,S,N
April,4,7,24,Boat01,R7_20200412_3H_left.MP4,30260,8.414,12582.466,10000.072,8.708,1292.16,88.532,73.842,1.182,-1290.273,61.464,-33.093,20210618,TH,Lamnidae,Carcharodon,carcharias,37010003,Bait,AD,Passing,New Tagged,N,,M,D,N
April,4,7,24,Boat01,R7_20200412_3H_left.MP4,36975,10.2811,3461.005,44.727,86.816,4840.465,4.34,69.383,4.246,-22.285,-365.626,-4826.585,20210618,TH,Lamnidae,Carcharodon,carcharias,37010003,Bait,AD,Passing,New Tagged,N,,M,D,N
April,4,7,24,Boat01,R7_20200412_3H_left.MP4,39255,10.9151,3319.479,37.664,56.596,4267.687,2.439,75.367,6.463,-141.112,-114.342,-4263.821,20210618,TH,Lamnidae,Carcharodon,carcharias,37010003,Bait,AD,Passing,New Tagged,N,,M,D,N
April,4,8,25,Boat01,R8_20200412_3H_left(2).MP4,2530,12.8845,6350.635,151.477,54.791,8784.648,10.078,72.589,1.79,1513.1,271.585,-8649.093,20210618,TH,Lamnidae,Carcharodon,carcharias,37010003,Bait,AD,Passing,Unknown,N,,M,D,N
April,4,8,25,Boat01,R8_20200412_3H_left(2).MP4,5055,13.5866,3505.875,10000.024,5.985,1270.103,19.119,81.909,1.306,-415.67,-16.447,-1200.045,20210618,TH,Lamnidae,Carcharodon,carcharias,37010003,Bait,AD,Passing,New Tagged,N,,M,D,N
April,4,8,25,Boat01,R8_20200412_3H_left(2).MP4,7693,14.3201,1642.934,16.364,166.829,3486.632,10.608,53.164,19.934,-532.31,-358.582,-3427.049,20210618,TH,Lamnidae,Carcharodon,carcharias,37010003,Bait,AD,Passing,New Tagged,N,,M,D,N
April,4,8,25,Boat01,R8_20200412_3H_left(2).MP4,10917,15.2166,2976.276,28.732,27.662,4149.446,3.603,56.535,5.564,-260.742,4.361,-4141.244,20210618,TH,Lamnidae,Carcharodon,carcharias,37010003,Bait,AD,Passing,New Tagged,N,Measured from dorsal,M,D,N
April,4,8,25,Boat01,R8_20200412_3H_left.MP4,20370,5.664,1732.122,17.315,55.42,3106.074,11.311,73.942,11.137,-591.863,144.416,-3045.741,20210618,TH,Lamnidae,Carcharodon,carcharias,37010003,Bait,AD,Passing,New Tagged,N,Reaction-swift change in direction,M,D,Y
April,4,8,25,Boat01,R8_20200412_3H_left.MP4,21292,5.9204,975.482,14.767,130.427,3766.675,9.928,82.15,49.46,-509.32,-402.95,-3710.265,20210618,TH,Lamnidae,Carcharodon,carcharias,37010003,Bait,AD,Passing,New Tagged,N,,M,D,N
April,4,8,25,Boat01,R8_20200412_3H_left.MP4,22374,6.2212,945.345,18.768,84.407,5038.741,1.35,50.332,53.569,-16.778,-117.547,-5037.342,20210618,TH,Lamnidae,Carcharodon,carcharias,37010003,Bait,AD,Passing,New Tagged,N,,M,D,N
April,4,8,25,Boat01,R8_20200412_3H_left.MP4,23336,6.4887,1326.08,18.853,174.832,3899.166,13.715,72.601,37.396,-691.425,-613.69,-3787.982,20210618,TH,Lamnidae,Carcharodon,carcharias,37010003,Bait,AD,Passing,Unknown,N,Measured from armpit,M,D,N
April,4,8,25,Boat01,R8_20200412_3H_left.MP4,24009,6.6758,617.245,4.939,190.933,3071.844,18.6,14.728,44.53,-841.312,-502.203,-2911.393,20210618,TH,Lamnidae,Carcharodon,carcharias,37010003,Bait,AD,Passing,Unknown,N,,M,D,N
April,4,8,25,Boat01,R8_20200412_3H_left.MP4,26114,7.2611,2996.278,31.796,68.207,4823.231,3.48,47.236,3.023,14.046,-292.399,-4814.34,20210618,TH,Lamnidae,Carcharodon,carcharias,37010003,Bait,AD,Passing,Unknown,N,Measured from dorsal,M,D,N
April,4,8,25,Boat01,R8_20200412_3H_left.MP4,26114,7.2611,2404.803,18.746,54.717,4367.865,3.387,32.627,2.236,6.274,-257.943,-4360.237,20210618,TH,Lamnidae,Carcharodon,carcharias,37010003,Bait,AD,Passing,Unknown,N,,M,D,N
April,4,8,25,Boat01,R8_20200412_3H_left.MP4,30296,8.424,2460.367,25.288,112.403,3844.882,8.451,63.444,6.497,-268.959,-496.966,-3803.13,20210618,TH,Lamnidae,Carcharodon,carcharias,37010003,Bait,AD,Passing,New Tagged,N,,M,D,N
April,4,8,25,Boat01,R8_20200412_3H_left.MP4,40261,11.1948,3734.991,53.12,85.206,5580.036,8.631,61.214,7.518,809.282,-215.198,-5516.843,20210618,TH,Lamnidae,Carcharodon,carcharias,37010003,Bait,AD,Passing,New Tagged,N,Reaction - Swift movement of the h,M,D,Y
April,4,8,25,Boat01,R8_20200412_3H_left.MP4,40856,11.3602,985.065,10.638,182.385,6252.031,10.355,6.295,37.611,807.398,-781.693,-6150.2,20210618,TH,Lamnidae,Carcharodon,carcharias,37010003,Bait,AD,Passing,New Tagged,N,,M,V,N
April,4,8,25,Boat01,R8_20200412_3H_left.MP4,41488,11.536,14981.66,381.215,187.488,11958.727,14.178,70.059,4.257,2829.86,756.259,-11594.443,20210618,TH,Lamnidae,Carcharodon,carcharias,37010003,Bait,AD,Passing,New Tagged,N,,M,D,N
April,4,8,25,Boat01,R8_20200412_3H_left.MP4,42804,11.9019,10499.11,10000.072,132.857,969.644,23.296,75.916,6.864,-377.123,-69.555,-890.59,20210618,TH,Lamnidae,Carcharodon,carcharias,37010003,Bait,AD,Passing,New Tagged,N,,M,D,N
April,4,9,26,Control,R8_20200412_3H_left(2).MP4,36171,10.0575,0,20.486,62.297,3648.161,6.659,80.566,0.474,-227.084,-356.94,-3623.549,20210618,TH,Lamnidae,Carcharodon,carcharias,37010003,Bait,AD,Feeding,New Tagged,Y,Touched bait,H,D,N
April,4,9,26,Control,R8_20200412_3H_left(3).MP4,5931,13.8302,5385.505,60.614,136.47,5419.342,11.421,60.713,0.125,808.61,-705.521,-5312.029,20210618,TH,Lamnidae,Carcharodon,carcharias,37010003,Bait,AD,Passing,New Tagged,Y,Measured from top of caudal fin,M,D,N
April,4,9,26,Control,R8_20200412_3H_left(3).MP4,8220,14.4667,0,22.589,85.622,3870.017,7.671,84.639,13.154,-33.908,-515.45,-3835.387,20210618,TH,Lamnidae,Carcharodon,carcharias,37010003,Bait,AD,Feeding,Marlin,Y,Bait taken - Breach,H,V,N
April,4,10,27,Control,R8_20200412_3H_left(3).MP4,33756,9.386,2796.173,47.541,168.195,5561.805,5.61,73.058,25.897,400.581,367.677,-5535.162,BHLH,20200621,Lamnidae,Carcharodon,carcharias,37010003,Bait,AD,Passing,Old Tag,N,Measurement taken from Pectoral,M,S,N
April,4,10,27,Control,R8_20200412_3H_left(3).MP4,33847,9.4113,3686.464,61.925,169.129,5797.81,5.574,75.367,13.052,319.374,-463.848,-5770.394,BHLH,20200621,Lamnidae,Carcharodon,carcharias,37010003,Bait,AD,Passing,New Tagged,N,,M,V,N
April,4,10,27,Control,R8_20200412_3H_left(3).MP4,35635,9.9085,Cannot compute,,,,,,,,,,BHLH,20200621,Lamnidae,Carcharodon,carcharias,37010003,Bait,AD,Passing,New Tagged,N,Measurement from dorsal fin,H,V,N
April,4,10,27,Control,R8_20200412_3H_left(4).MP4,3655,13.1351,8311.029,10000.006,77.347,1465.344,60.179,78.678,6.515,-1271.296,4.433,728.711,BHLH,20200621,Lamnidae,Carcharodon,carcharias,37010003,bait,AD,Passing,New Tagged,N,,M,D,N
April,4,10,27,Control,R8_20200412_3H_left(4).MP4,4612,13.4012,Cannot compute,,,,,,,,,,BHLH,20200621,Lamnidae,Carcharodon,carcharias,37010003,Bait,AD,Passing,New tagged,N,,M,D,N
April,4,10,27,Control,R8_20200412_3H_left(4).MP4,14120,16.0449,3062.87,73.53,301.248,6900.515,13.201,69.116,15.176,1026.575,-1195.53,-6718.182,BHLH,20200621,Lamnidae,Carcharodon,carcharias,37010003,Bait,AD,Passing,New tagged,N,,M,D,N
April,4,10,27,Control,R8_20200412_3H_left(4).MP4,16325,16.658,2637.708,29.717,67.383,4372.837,6.175,56.087,1.38,-286.479,-373.092,-4347.463,BHLH,20200621,Lamnidae,Carcharodon,carcharias,37010003,Bait,AD,Passing,New Tagged,N,,M,V,N
April,4,10,27,Control,R8_20200412_3H_left(4).MP4,17749,17.054,0,13.258,92.183,3693.392,7.046,39.442,17.558,-60.055,-449.078,-3665.497,BHLH,20200621,Lamnidae,Carcharodon,carcharias,37010003,Bait,AD,Feeding,New Tagged,N,Touch,H,D,N
April,4,10,27,Control,R8_20200412_3H_left(4).MP4,22179,18.2858,1254.965,4.138,148.677,2775.43,9.506,32.279,65.267,-434.156,147.057,-2737.316,BHLH,20200621,Lamnidae,Carcharodon,carcharias,37010003,Bait,AD,Passing,New Tagged,N,,M,S,N
April,4,10,27,Control,R8_20200412_3H_left(4).MP4,24084,18.8155,6354.773,73.969,308.134,5538.82,15.779,69.84,9.17,973.921,-1148.896,-5330.107,BHLH,20200621,Lamnidae,Carcharodon,carcharias,37010003,Bait,AD,Passing,New Tagged,N,Measurement taken from dorsal,M,D,N
April,4,10,27,Control,R8_20200412_3H_left(4).MP4,28989,20.1793,1559.79,48.206,271.523,6132.427,11.196,68.065,29.431,227.112,-1168.872,-6015.714,BHLH,20200621,Lamnidae,Carcharodon,carcharias,37010003,Bait,AD,Passing,New tagged,N,,H,D,N
April,4,10,27,Control,R8_20200412_3H_left(4).MP4,32168,21.0633,591.116,15.124,78.89,3285.187,14.773,62.14,6.466,-735.063,-401.763,-3176.59,BHLH,20200621,Lamnidae,Carcharodon,carcharias,37010003,Bait,AD,Passing,New tagged,N,,H,D,N
April,4,12,28,Boat01,R12_20200412_3H_left(2).MP4,14257,16.1542,889.289,12.93,70.644,4470.704,7.537,30.938,40.379,-579.545,89.419,-4432.079,BH,20210621,Lamnidae,Carcharodon,carcharias,37010003,Bait,AD,Passing,New Tagged,N,,L,D,N
April,4,12,28,Boat01,R12_20200412_3H_left(2).MP4,16676,16.8268,1293.288,52.832,109.782,6171.484,3.999,65.108,17.836,129.665,-410.363,-6156.46,BH,20210621,Lamnidae,Carcharodon,carcharias,37010003,Bait,AD,Passing,New Tagged,N,,M,D,N
April,4,12,28,Boat01,R12_20200412_3H_left(2).MP4,20545,17.9026,656.794,9.97,115.471,3859.826,11.559,44.965,54.994,-674.638,-378.212,-3781.544,BH,20210621,Lamnidae,Carcharodon,carcharias,37010003,Bait,AD,Passing,New Tagged,N,,H,D,N
April,4,13,29,Control,R13_20200412_3H_left.MP4,16020,4.4544,2251.399,31.123,185.399,5929.389,4.694,61.871,53.275,433.685,217.694,-5909.499,20210622,TH,Lamnidae,Carcharodon,carcharias,37010003,Bait,AD,Passing,Unknown,Y,Measured from top/front pectoral,H,D,N
April,4,13,29,Control,R13_20200412_3H_left.MP4,38936,10.8264,2143.61,30.369,191.873,4245.515,13.512,78.21,13.071,-539.768,-832.217,-4128.009,20210622,TH,Lamnidae,Carcharodon,carcharias,37010003,Bait,AD,Passing,Unknown,Y,Measured from dorsal,H,D,N
April,4,13,29,Control,R13_20200412_3H_left.MP4,40422,11.2396,0,160.023,169.532,10336.24,13.087,79.856,4.593,2191.176,-822.475,-10067.778,20210622,TH,Lamnidae,Carcharodon,carcharias,37010003,Bait,AD,Feeding,Unknown,Y,,H,D,N
April,4,15,30,Boat01,R13_20200412_3H_left(3).MP4,5179,13.5143,1767.976,30.594,68.964,4503.409,7.22,66.161,14.272,-539.917,169.682,-4467.705,20210622,TH,Lamnidae,Carcharodon,carcharias,37010003,Bait,AD,Passing,Old Tag,Y,,M,D,N
April,4,15,30,Boat01,R13_20200412_3H_left(3).MP4,6104,13.7715,1161.86,17.471,30.7,3239.733,5.806,80.531,8.942,-323.216,-54.168,-3223.115,20210622,TH,Lamnidae,Carcharodon,carcharias,37010003,Bait,AD,Passing,Old Tag,Y,Reaction - Head shake,M,D,Y
April,4,15,30,Boat01,R13_20200412_3H_left(3).MP4,7108,14.0507,0,19.192,162.602,4402.631,5.897,74.524,51.269,-281.621,354.009,-4379.33,20210622,TH,Lamnidae,Carcharodon,carcharias,37010003,Bait,AD,Feeding,Old Tag,Y,Tried to bite Marshmellow float,H,D,N
April,4,15,30,Boat01,R13_20200412_3H_left(3).MP4,8156,14.3421,4363.428,60.159,90.211,5219.911,3.439,83.115,8.227,280.452,139.3,-5210.51,20210622,TH,Lamnidae,Carcharodon,carcharias,37010003,Bait,AD,Passing,Old Tag,Y,Reaction - swift movement away,H,D,Y
April,4,15,30,Boat01,R13_20200412_3H_left(3).MP4,8981,14.5715,0,49.417,126.345,5709.876,9.733,80.683,4.187,540.69,799.66,-5627.688,20210622,TH,Lamnidae,Carcharodon,carcharias,37010003,Bait,AD,Feeding,Old Tag,Y,Touched bait line,H,D,N
April,4,16,31,Boat01,R16b_20200412_3H_left.MP4,10261,2.8531,0,42.145,17.775,5164.836,10.835,0,0,932.756,269.407,-5072.762,BH,20200623,Lamnidae,Carcharodon,carcharias,37010003,Bait,AD,Feeding,Marlin,N,,H,S,N
April,4,16,31,Boat01,R16b_20200412_3H_left.MP4,12207,3.3942,1531.117,22.428,272.5,6179.404,14.878,23.367,34.046,1157.077,-1085.634,-5972.237,BH,20200623,Lamnidae,Carcharodon,carcharias,37010003,Bait,AD,Passing,Marlin,N,,H,D,N
April,4,16,31,Boat01,R16b_20200412_3H_left.MP4,13369,3.7173,3445.465,60.838,218.789,6783.524,8.307,69.008,36.008,963.474,-179.61,-6712.351,BH,20200623,Lamnidae,Carcharodon,carcharias,37010003,Bait,AD,Passing,Marlin,N,,H,S,N
April,4,16,31,Boat01,R16b_20200412_3H_left.MP4,15343,4.2662,4042.46,51.359,287.254,5414.349,11.919,64.745,14.898,393.663,-1046.665,-5297.613,BH,20200623,Lamnidae,Carcharodon,carcharias,37010003,Bait,AD,Passing,Marlin,N,Taken from Pectoral,H,D,N
April,4,17,32,Boat01,Left17b_20200413.MP4,27996,7.7844,2079.521,40.039,6.813,5302.643,10.257,83.373,30.91,-590.064,-737.167,-5217.896,BH,20200623,Lamnidae,Carcharodon,carcharias,37010003,Bait,AD,Passing,Old Tag,N,Reaction - quick head movement,M,S,Y
April,4,17,32,Boat01,Left17b_20200413.MP4,29012,8.0669,3513.216,63.566,33.646,6175.444,20.612,73.29,18.803,-2173.772,32.198,-5780.12,BH,20200623,Lamnidae,Carcharodon,carcharias,37010003,Bait,AD,Passing,Old Tag,N,,M,S,N
April,4,17,32,Boat01,Left17b_20200413.MP4,29739,8.2691,3207.376,67.814,10.954,6243.082,9.18,83.562,14.277,-984.649,-149.729,-6163.126,BH,20200623,Lamnidae,Carcharodon,carcharias,37010003,Bait,AD,Passing,Old Tag,N,,H,S,N
April,4,17,32,Boat01,Left17b_20200413.MP4,30523,8.4871,2003.287,41.098,16.169,5715.259,15.852,69.587,34.272,-1526.266,328.322,-5497.9,BH,20200623,Lamnidae,Carcharodon,carcharias,37010003,Bait,AD,Passing,Old Tag,N,,H,S,N
April,4,17,32,Boat01,Left17b_20200413.MP4,31571,8.7785,2679.173,59.111,1.876,6249.532,0.715,89.87,29.045,-29.268,72.344,-6249.045,BH,20200623,Lamnidae,Carcharodon,carcharias,37010003,Bait,AD,Passing,Old Tag,N,,H,S,N
April,4,17,32,Boat01,Left17b_20200413.MP4,33985,9.4497,4052.42,84.69,17.381,6693.154,3.352,88.943,12.585,-3.763,-391.346,-6681.702,BH,20200623,Lamnidae,Carcharodon,carcharias,37010003,Bait,AD,Passing,Old Tag,N,,M,S,N
April,4,17,32,Boat01,Left17b_20200413.MP4,35280,9.8098,2695.835,49.448,3.445,6099.478,7.646,57.478,23.458,809.67,-54.97,-6045.249,BH,20200623,Lamnidae,Carcharodon,carcharias,37010003,Bait,AD,Passing,Old Tag,N,,M,S,N
April,4,17,32,Boat01,Left17b_20200413.MP4,36277,10.087,3584.877,60.642,6.774,6406.319,2.163,62.42,22.861,-157.922,183.158,-6401.752,BH,20200623,Lamnidae,Carcharodon,carcharias,37010003,Bait,AD,Passing,Old Tag,N,,M,S,N
April,4,17,32,Boat01,Left17b_20200413.MP4,36799,10.2322,3975.446,61.784,12.999,6769.693,14.434,50.902,23.01,1675.072,204.098,-6556.006,BH,20200623,Lamnidae,Carcharodon,carcharias,37010003,Bait,AD,Passing,Old Tag,N,,H,S,N
April,4,17,32,Boat01,Left17b_20200413.MP4,37593,10.4529,2800.321,27.107,4.272,3996.018,13.88,74.483,25.441,958.589,7.526,-3879.331,BH,20200623,Lamnidae,Carcharodon,carcharias,37010003,Bait,AD,Passing,Old Tag,N,,H,S,N
April,4,17,32,Boat01,Left17b_20200413.MP4,40404,11.2346,3567.92,64.047,13.741,5861.221,15.874,82.442,8.077,-1395.32,-789.499,-5637.702,BH,20200623,Lamnidae,Carcharodon,carcharias,37010003,Bait,AD,Passing,Colleen,N,Taken from Dorsal,H,D,N
April,4,17,32,Boat01,Left17b_20200413.MP4,42128,11.7139,2235.425,13.979,5.428,5115.274,4.238,18.867,30.786,-346.309,-151.46,-5101.29,BH,20200623,Lamnidae,Carcharodon,carcharias,37010003,Bait,AD,Passing,Old Tag,N,,M,S,N
April,4,17,32,Boat01,Left17b_20200413.MP4,42869,11.92,2199.952,22.825,13.963,3997.046,13.062,64.66,31.163,-844.696,-320.184,-3893.629,BH,20200623,Lamnidae,Carcharodon,carcharias,37010003,Bait,AD,Passing,Old Tag,N,Measurment from Pectoral,M,S,N
April,4,17,32,Boat01,Left17b_20200413_1.MP4,598,12.1427,1000,,,,,,,,,,BH,20200623,Lamnidae,Carcharodon,carcharias,37010003,Bait,AD,Passing,Old Tag,N,Can't Compute - approx >1m,H,S,N
April,4,17,32,Boat01,Left17b_20200413_1.MP4,2240,12.5993,1651.513,35.659,10.559,5429.462,14.459,75.891,38.501,1071.484,-830.583,-5257.481,BH,20200623,Lamnidae,Carcharodon,carcharias,37010003,Bait,AD,Passing,Old Tag,N,Reaction - quick head jerk,M,S,Y
April,4,17,32,Boat01,Left17b_20200413_1.MP4,4230,13.1526,5236.797,92.452,77.09,7619.113,19.041,43.758,6.08,-2479.932,-169.936,-7202.218,BH,20200623,Lamnidae,Carcharodon,carcharias,37010003,Bait,AD,Passing,Colleen,N,From Dorsal,L,D,N
April,4,17,32,Boat01,Left17b_20200413_1.MP4,6247,13.7134,0,27.768,5.088,4109.756,5.774,74.076,25.149,408.901,-61.073,-4088.908,BH,20200623,Lamnidae,Carcharodon,carcharias,37010003,Bait,AD,Feeding,Old Tag,N,Reaction - Whole Body Spasm,H,S,Y
April,4,17,32,Boat01,Left17b_20200413_1.MP4,13415,15.7065,2247.196,26.265,7.805,5059.634,9.187,48.745,36.221,-776.893,221.189,-4994.738,BH,20200623,Lamnidae,Carcharodon,carcharias,37010003,Bait,AD,Passing,Old Tag,N,,M,S,N
April,4,17,32,Boat01,Left17b_20200413_1.MP4,15807,16.3716,2716.827,53.138,1.325,5951.716,12.525,68.494,20.017,-1222.35,-414.651,-5810.064,BH,20200623,Lamnidae,Carcharodon,carcharias,37010003,Bait,AD,Passing,Old Tag,N,,M,S,N
April,4,17,32,Boat01,Left17b_20200413_1.MP4,17676,16.8913,3746.308,50.905,10.724,6222.769,5.433,48.934,18.441,571.008,-145.247,-6194.813,BH,20200623,Lamnidae,Carcharodon,carcharias,37010003,Bait,AD,Passing,Old Tag,N,,M,S,N
April,4,17,32,Boat01,Left17b_20200413_1.MP4,26548,19.3582,3267.167,52.764,2.421,5173.014,3.27,86.187,5.656,154.169,-251.614,-5164.591,BH,20200623,Lamnidae,Carcharodon,carcharias,37010003,Bait,AD,Passing,Old Tag,N,,M,D,N
April,4,17,32,Boat01,Left17b_20200413_1.MP4,27534,19.6324,3536.042,53.542,1.888,5493.688,7.383,87.466,23.133,703.829,-54.287,-5448.145,BH,20200623,Lamnidae,Carcharodon,carcharias,37010003,Bait,AD,Passing,Old tag,N,,M,S,N
April,4,17,32,Boat01,Left17b_20200413_1.MP4,29480,20.1735,2688.148,46.372,0.657,5671.887,6.664,86.958,34.02,342.155,562.321,-5633.562,BH,20200623,Lamnidae,Carcharodon,carcharias,37010003,Bait,AD,Passing,Old Tag,N,,M,S,N
April,4,17,32,Boat01,Left17b_20200413_1.MP4,33409,21.266,3670.916,71.186,12.298,6225.857,4.233,85.32,15.048,-239.085,-392.396,-6208.877,BH,20200623,Lamnidae,Carcharodon,carcharias,37010003,Bait,AD,Passing,Old Tag,N,,M,S,N
April,4,17,32,Boat01,Left17b_20200413_1.MP4,36273,22.0623,4363.203,99.785,12.828,7251.556,9.038,89.005,7.656,-876.074,-728.058,-7161.528,BH,20200623,Lamnidae,Carcharodon,carcharias,37010003,Bait,AD,Passing,Old Tag,N,,M,S,N
April,4,18,33,Control,Left17b_20200413_2.MP4,4246,25.1334,5292.248,71.406,9.601,6763.886,7.793,52.283,12.281,-815.549,-419.657,-6701.412,BH,20200623,Lamnidae,Carcharodon,carcharias,37010003,Bait,AD,Passing,Old Tag,Y,,L,S,N
April,4,18,33,Control,Left17b_20200413_2.MP4,6372,25.7246,6163.939,96.73,17.736,7415.598,11.237,56.212,5.612,1031.677,-1011.93,-7273.426,BH,20200623,Lamnidae,Carcharodon,carcharias,37010003,Bait,AD,Passing,Colleen,Y,,L,S,N
April,4,18,33,Control,Left17b_20200413_2.MP4,8064,26.1951,3937.846,50.434,13.958,6186.658,5.207,49.654,20.774,-560.194,-37.732,-6161.128,BH,20200623,Lamnidae,Carcharodon,carcharias,37010003,Bait,AD,Passing,Old Tag,Y,,M,S,N
April,4,18,33,Control,Left17b_20200413_2.MP4,9066,26.4737,2138.796,37.049,7.767,5518.894,9.399,87.541,42.737,893.865,-115.459,-5444.802,BH,20200623,Lamnidae,Carcharodon,carcharias,37010003,Bait,AD,Passing,Old Tag,Y,,M,S,N
April,4,18,33,Control,Left17b_20200413_2.MP4,15026,28.1309,5134.017,114.956,7.095,7561.593,7.966,89.695,4.922,-867.821,-587.297,-7488.635,BH,20200623,Lamnidae,Carcharodon,carcharias,37010003,Bait,AD,Passing,Colleen,Y,,M,D,N
April,4,18,33,Control,Left17b_20200413_2.MP4,15026,28.1309,5819.01,113.73,13.026,7194.822,5.638,85.628,2.16,-661.605,-248.648,-7160.022,BH,20200623,Lamnidae,Carcharodon,carcharias,37010003,Bait,AD,Passing,Colleen,Y,,M,D,N
April,4,18,33,Control,Left17b_20200413_2.MP4,28345,31.8343,0,50.952,20.132,6196.921,22.279,68.744,16.671,1836.069,-1465.708,-5734.316,BH,20200623,Lamnidae,Carcharodon,carcharias,37010003,Bait,AD,Feeding,Old Tag,Y,,H,D,N
April,4,19,34,Boat01,Left19_20200413.MP4,6111,1.6992,2814.267,50.827,2.997,5624.915,5.161,85.084,26.064,496.878,-95.442,-5602.113,BH,20210623,Lamnidae,Carcharodon,carcharias,37010003,Bait,AD,Passing,Old Tag,N,,M,S,N
April,4,19,34,Boat01,Left19_20200413.MP4,11139,3.0973,4750.485,102.763,3.88,7661.922,12.568,70.067,12.593,1663.044,-117.709,-7478.334,BH,20210623,Lamnidae,Carcharodon,carcharias,37010003,Bait,AD,Passing,Old Tag,N,,M,S,N
April,4,19,34,Boat01,Left19_20200413.MP4,15679,4.3596,2495.744,58.155,13.929,6373.508,15.173,83.585,28.839,-1647.523,261.666,-6151.325,BH,20210623,Lamnidae,Carcharodon,carcharias,37010003,Bait,AD,Passing,Old Tag,N,,M,S,N
April,4,19,34,Boat01,Left19_20200413.MP4,17842,4.9611,3693.197,18.784,27.063,5382.817,3.28,14.906,20.191,-281.75,124.435,-5373.998,BH,20210623,Lamnidae,Carcharodon,carcharias,37010003,Bait,AD,Passing,Old Tag,N,,M,S,N
April,4,19,34,Boat01,Left19_20200413.MP4,20778,5.7774,2002.098,50.417,2.434,5961.638,4.931,84.289,30.95,24.68,-511.859,-5939.572,BH,20210623,Lamnidae,Carcharodon,carcharias,37010003,Bait,AD,Passing,Old Tag,N,,M,S,N
April,4,19,34,Boat01,Left19_20200413.MP4,22843,6.3516,3806.644,87.308,2.475,7044.68,10.625,85.079,14.413,-1230.896,-414.585,-6923.91,BH,20210623,Lamnidae,Carcharodon,carcharias,37010003,Bait,AD,Passing,Old Tag,N,,M,S,N
April,4,19,34,Boat01,Left19_20200413.MP4,23712,6.5933,3545.868,64.113,4.406,7045.683,8.749,50.162,18.26,1065.127,117.989,-6963.708,BH,20210623,Lamnidae,Carcharodon,carcharias,37010003,Bait,AD,Passing,Old Tag,N,,M,S,N
April,4,19,34,Boat01,Left19_20200413.MP4,25105,6.9806,4770.429,119.229,4.419,8099.176,4.096,75.533,10.241,531.013,-229.41,-8078.493,BH,20210623,Lamnidae,Carcharodon,carcharias,37010003,Bait,AD,Passing,Old Tag,N,,M,S,N
April,4,19,34,Boat01,Left19_20200413.MP4,27780,7.7244,4002.663,114.254,15.687,7986.931,5.351,82.901,7.937,-620.194,-412.555,-7952.121,BH,20210623,Lamnidae,Carcharodon,carcharias,37010003,Bait,AD,Passing,Old Tag,N,,M,S,N
April,4,19,34,Boat01,Left19_20200413.MP4,28863,8.0255,1977.389,14.334,7.524,6113.096,8.357,9.348,24.618,-882.925,98.929,-6048.19,BH,20210623,Lamnidae,Carcharodon,carcharias,37010003,Bait,AD,Passing,Old Tag,N,,H,S,N
April,4,19,34,Boat01,Left19_20200413.MP4,30119,8.3748,4526.791,67.291,3.902,7380.01,10.405,42.356,8.691,-1072.763,-790.969,-7258.656,BH,20210623,Lamnidae,Carcharodon,carcharias,37010003,Bait,AD,Passing,Old Tag,N,,M,S,N
April,4,19,34,Boat01,Left19_20200413.MP4,33033,9.185,7794.502,170.601,11.299,9094.618,13.75,76.243,11.864,-2141.814,292.113,-8833.99,BH,20210623,Lamnidae,Carcharodon,carcharias,37010003,Bait,AD,Passing,Old Tag,N,,L,S,N
April,4,19,34,Boat01,Left19_20200413.MP4,33529,9.3229,2975.657,39.675,6.465,6254.672,1.452,41.474,26.413,-158.465,2.634,-6252.664,BH,20210623,Lamnidae,Carcharodon,carcharias,37010003,Bait,AD,Passing,Old Tag,N,Reaction? Jaw spasm?,M,S,Y
April,4,19,34,Boat01,Left19_20200413.MP4,36966,10.2786,1660.484,38.755,17.827,5882.548,10.232,64.563,39.574,1034.737,-145.926,-5788.989,BH,20210623,Lamnidae,Carcharodon,carcharias,37010003,Bait,AD,Passing,Old Tag,N,,M,S,N
April,4,19,34,Boat01,Left19_20200413.MP4,39729,11.0469,1855.464,44.812,5.801,6059.796,7.224,58.984,28.853,-688.484,-326.617,-6011.692,BH,20210623,Lamnidae,Carcharodon,carcharias,37010003,Bait,AD,Passing,Old Tag,N,Reaction - Head SPasm,H,S,Y
April,4,19,34,Boat01,Left19_20200413.MP4,41365,11.5018,3663.765,89.703,9.671,7159.719,4.246,84.86,15.881,-13.467,-529.87,-7140.072,BH,20210623,Lamnidae,Carcharodon,carcharias,37010003,Bait,AD,Passing,Old Tag,N,,H,S,N
April,4,19,34,Boat01,Left19_20200413_1.MP4,857,12.2236,4658.854,135.855,18.866,8673.388,7.609,77.518,1.552,232.616,-1124.712,-8597.009,BH,20210623,Lamnidae,Carcharodon,carcharias,37010003,Bait,AD,Passing,Old Tag,N,,M,S,N
April,4,19,34,Boat01,Left19_20200413_1.MP4,2868,12.7828,3918.246,101.55,13.888,7787.547,12.623,71.822,7.07,991.961,-1382.858,-7599.316,BH,20210623,Lamnidae,Carcharodon,carcharias,37010003,Bait,AD,Passing,Old Tag,N,,M,S,N
April,4,19,34,Boat01,Left19_20200413_1.MP4,2868,12.7828,5527.477,102.251,12.753,7010.736,10.942,77.83,6.668,1041.773,-828.087,-6883.27,BH,20210623,Lamnidae,Carcharodon,carcharias,37010003,Bait,AD,Passing,Old Tag,N,,M,S,N
April,4,19,34,Boat01,Left19_20200413_1.MP4,4014,13.1014,3215.872,92.763,15.518,7393.875,7.974,84.515,13.128,891.307,-507.469,-7322.392,BH,20210623,Lamnidae,Carcharodon,carcharias,37010003,Bait,AD,Passing,Old Tag,N,,M,S,N
April,4,19,34,Boat01,Left19_20200413_1.MP4,5207,13.4331,5733.51,148.48,26.884,8848.622,4.051,86.393,15.138,-613.174,121.48,-8826.516,BH,20210623,Lamnidae,Carcharodon,carcharias,37010003,Bait,AD,Passing,Old Tag,N,,M,S,N
April,4,19,34,Boat01,Left19_20200413_1.MP4,5830,13.6064,4169.489,65.622,16.551,7678.788,2.978,43.3,23.179,342.542,204.491,-7668.418,BH,20210623,Lamnidae,Carcharodon,carcharias,37010003,Bait,AD,Passing,Old Tag,N,,M,S,N
April,4,19,34,Boat01,Left19_20200413_1.MP4,8150,14.2515,4386.959,90.034,23.159,7502.34,11.663,69.662,21.234,-909.332,-1213.774,-7347.447,BH,20210623,Lamnidae,Carcharodon,carcharias,37010003,Bait,AD,Passing,Colleen,N,Measurement from Dorsal,M,D,N
April,4,19,34,Boat01,Left19_20200413_1.MP4,8874,14.4528,2398.294,63.77,7.93,6605.831,7.813,74.509,25.111,863.936,-245.151,-6544.503,BH,20210623,Lamnidae,Carcharodon,carcharias,37010003,Bait,AD,Passing,Old Tag,N,,M,S,N
April,4,19,34,Boat01,Left19_20200413_1.MP4,13099,15.6276,4078.073,90.1,14.873,7506.669,14.013,70.356,18.055,-1812.442,138.492,-7283.266,BH,20210623,Lamnidae,Carcharodon,carcharias,37010003,Bait,AD,Passing,Old Tag,N,,M,S,N
April,4,19,34,Boat01,Left19_20200413_1.MP4,13685,15.7905,1890.381,56.168,5.811,6244.9,8.016,89.317,27.894,-870.804,5.814,-6183.886,BH,20210623,Lamnidae,Carcharodon,carcharias,37010003,Bait,AD,Passing,Old Tag,N,,H,S,N
April,4,20,35,Control,Left19_20200413_2.MP4,28808,31.9719,4403.531,108.608,18.252,7646.277,7.675,88.286,10.758,891.846,497.524,-7577.773,BH,20210623,Lamnidae,Carcharodon,carcharias,37010003,Bait,AD,Passing,Old Tag,N,,M,D,N
April,4,20,35,Control,Left19_20200413_2.MP4,32835,33.0917,1230.938,13.359,5.103,5500.162,6.866,32.48,62.843,-269.14,-599.897,-5460.721,BH,20210623,Lamnidae,Carcharodon,carcharias,37010003,Bait,AD,Passing,Old Tag,N,Taken from Pectoral,H,S,N
April,4,20,35,Control,Left19_20200413_2.MP4,34714,33.6141,2582.708,17.984,93.923,5276.953,0.992,32.129,47.207,58.078,-70.494,-5276.163,BH,20210623,Lamnidae,Carcharodon,carcharias,37010003,Bait,AD,Passing,Old Tag,N,,M,S,N
April,4,21,36,Boat01,Left21_20200413.MP4,10555,2.9349,3251.413,43.695,16.373,5710.118,15.548,48.65,12.156,-1223.923,-919.029,-5501.168,BHLH,2020062,Lamnidae,Carcharodon,carcharias,37010003,Bait,AD,Passing,Marlin,Y,,M,S,N
April,4,21,36,Boat01,Left21_20200413.MP4,11040,3.0697,1231.372,26.527,48.413,4088.983,22.998,71.992,48.092,-1585.678,-194.668,-3763.976,BHLH,2020062,Lamnidae,Carcharodon,carcharias,37010003,Bait,AD,Passing,Marlin,Y,,M,S,N
April,4,21,36,Boat01,Left21_20200413.MP4,11467,3.1885,0,29.852,33.145,5075.946,17.812,77.112,42.469,-1432.057,-600.16,-4832.623,BHLH,2020062,Lamnidae,Carcharodon,carcharias,37010003,Bait,AD,Feeding,Marlin,Y,,H,S,N
April,4,21,36,Boat01,Left21_20200413.MP4,11992,3.3344,3973.936,59.392,5.959,6050.253,19.196,42.148,0.096,-1972.13,-260.7,-5713.869,BHLH,2020062,Lamnidae,Carcharodon,carcharias,37010003,Bait,AD,Passing,Old Tag,Y,,L,S,N
April,4,21,36,Boat01,Left21_20200413.MP4,12857,3.575,2271.74,38.121,2.673,5912.264,13.161,45.21,24.834,-1343.232,-88.882,-5756.969,BHLH,2020062,Lamnidae,Carcharodon,carcharias,37010003,Bait,AD,Passing,Marlin,Y,,M,S,N
April,4,21,36,Boat01,Left21_20200413.MP4,16344,4.5445,0,38.083,13.978,5035.719,12.867,84.162,7.736,-897.275,-672.681,-4909.263,BHLH,2020062,Lamnidae,Carcharodon,carcharias,37010003,Bait,AD,Feeding,Marlin,Y,,H,D,N
April,4,22,37,Boat01,Left21_20200413.MP4,24096,6.7,1780.942,12.833,9.603,5424.362,13.374,6.329,21.731,-1108.474,-587.777,-5277.263,BHLH,2020062,Lamnidae,Carcharodon,carcharias,37010003,Bait,AD,Passing,Marlin,N,From Pectoral,M,S,N
April,4,22,37,Boat01,Left21_20200413.MP4,28094,7.8117,1223.446,12.243,8.426,5441.206,5.479,17.814,40.421,-487.552,-179.41,-5416.349,BHLH,2020062,Lamnidae,Carcharodon,carcharias,37010003,Bait,AD,Passing,Marlin,N,,M,S,N
April,4,22,37,Boat01,Left21_20200413.MP4,30612,8.5118,7315.447,152.023,34.774,8565.571,17.998,74.198,4.089,-2415.835,-1080.731,-8146.457,BHLH,2020062,Lamnidae,Carcharodon,carcharias,37010003,Bait,AD,Passing,Old Tag,N,,L,D,N
April,4,22,37,Boat01,Left21_20200413.MP4,32903,9.1489,2361.957,62.531,29.494,6621.141,18.897,66.793,19.446,-2142.594,-87.838,-6264.27,BHLH,2020062,Lamnidae,Carcharodon,carcharias,37010003,Bait,AD,Passing,Marlin,N,,M,S,N
April,4,22,37,Boat01,Left21_20200413.MP4,34995,9.7306,3143.692,38.212,23.463,4558.508,7.411,85.72,22.519,413.135,-418.374,-4520.429,BHLH,2020062,Lamnidae,Carcharodon,carcharias,37010003,Bait,AD,Passing,Marlin,N,Reaction - Quick Head Movement,H,S,Y
April,4,23,38,Control,Left21_20200413_1.MP4,30559,20.5002,2968.82,60.783,9.955,6747.22,8.888,58.386,22.827,-987.099,-335.394,-6666.192,BHLH,2020062,Lamnidae,Carcharodon,carcharias,37010003,Bait,AD,Passing,Old Tag,Y,,M,D,N
April,4,23,38,Control,Left21_20200413_1.MP4,33789,21.3983,3727.441,94.066,46.09,7375.061,4.944,79.733,14.422,-410.734,-485.024,-7347.624,BHLH,2020062,Lamnidae,Carcharodon,carcharias,37010003,Bait,AD,Passing,Old tag,Y,,M,D,N
April,4,23,38,Control,Left21_20200413_1.MP4,35168,21.7818,0,37.106,10.417,5215.989,1.233,73.134,34.653,102.919,44.689,-5214.782,BHLH,2020062,Lamnidae,Carcharodon,carcharias,37010003,Bait,AD,Feeding,Old Tag,Y,Reaction - Full body spasm,H,S,Y
April,4,24,39,Control,Left24_20200413.MP4,7787,2.1652,3322.495,60.455,3.409,6476.829,10.521,54.946,7.707,-1119.787,-380.291,-6367.948,20210624,LHBHTH,Lamnidae,Carcharodon,carcharias,37010003,Bait,AD,Passing,Marlin,N,,M,D,N
April,4,24,39,Control,Left24_20200413.MP4,11841,3.2925,2824.865,21.734,8.956,3681.647,13.442,56.659,12.191,195.814,-833.162,-3580.786,20210624,LHBHTH,Lamnidae,Carcharodon,carcharias,37010003,Bait,AD,Passing,Marlin,N,Measuremnt taken from dorsal fin,M,V,N
April,4,24,39,Control,Left24_20200413.MP4,13845,3.8497,1534.002,5.095,10.814,4446.752,4.454,3.411,50.135,150.658,-310.748,-4433.322,20210624,LHBHTH,Lamnidae,Carcharodon,carcharias,37010003,Bait,AD,Passing,Marlin,N,,M,D,N
April,4,24,39,Control,Left24_20200413.MP4,17321,4.8162,4737.355,8655.329,0.978,2850.478,11.456,89.243,11.876,-115.061,-554.315,-2793.693,20210624,LHBHTH,Lamnidae,Carcharodon,carcharias,37010003,Bait,AD,Passing,Marlin,N,Measured on the corner of mouth,M,D,N
April,4,24,39,Control,Left24_20200413.MP4,21013,5.8428,1995.66,22.978,16.104,5182.957,18.68,0.39,20.818,-1624.887,-339.539,-4909.939,20210624,LHBHTH,Lamnidae,Carcharodon,carcharias,37010003,Bait,AD,Passing,Old Tag,N,,M,D,N
April,4,25,40,Boat01,Left25_20200413.MP4,6328,1.7595,1653.834,25.657,9.095,4045.374,10.481,67.215,7.987,-594.198,-434.147,-3977.876,20210624,LHTH,Lamnidae,Carcharodon,carcharias,37010003,Bait,AD,Passing,Unknown,Y,,M,D,N
April,4,25,40,Boat01,Left25_20200413.MP4,8790,2.4441,2764.748,72.243,3.73,6791.712,13.321,73.694,14.095,-1552.324,197.723,-6608.974,20210624,LHTH,Lamnidae,Carcharodon,carcharias,37010003,Bait,AD,Passing,Marlin,Y,,M,D,N
April,4,25,40,Boat01,Left25_20200413.MP4,9414,2.6176,0,39.513,6.196,5170.431,19.262,75.926,6.221,-1625.14,-517.763,-4881.004,20210624,LHTH,Lamnidae,Carcharodon,carcharias,37010003,Bait,AD,Feeding,Marlin,Y,Touched bait line,H,D,N
April,4,25,40,Boat01,Left25_20200413.MP4,10911,3.0339,5399.582,80.339,42.333,6976.891,1.795,58.453,16.715,-59.302,210.395,-6973.466,20210624,LHTH,Lamnidae,Carcharodon,carcharias,37010003,Bait,AD,Passing,Marlin,Y,Odd movement - biting the surfac,L,S,N
April,4,25,40,Boat01,Left25_20200413.MP4,11916,3.3133,0,32.763,31.162,4936.955,12.712,72.579,28.731,-469.248,-979.856,-4815.934,20210624,LHTH,Lamnidae,Carcharodon,carcharias,37010003,Bait,AD,Feeding,Marlin,Y,Touched electrode with pectorial,H,D,N
April,4,26,41,Boat01,Left25_20200413.MP4,25290,7.032,2280.866,42.599,2.879,6536.608,7.163,41.977,25.29,-679.189,450.53,-6485.598,20210624,THLH,Lamnidae,Carcharodon,carcharias,37010003,Bait,AD,Passing,Marlin,Y,,M,D,N
April,4,26,41,Boat01,Left25_20200413.MP4,26268,7.304,1738.577,17.944,10.381,5058.624,8.55,23.675,1.81,-552.132,-510.717,-5002.399,20210624,THLH,Lamnidae,Carcharodon,carcharias,37010003,Bait,AD,Passing,Marlin,Y,,M,D,N
April,4,26,41,Boat01,Left25_20200413.MP4,27417,7.6234,1871.371,28.28,53.126,6149.474,4.25,35.606,38.513,-443.53,-104.955,-6132.561,20210624,THLH,Lamnidae,Carcharodon,carcharias,37010003,Bait,AD,Passing,Marlin,Y,,M,D,N
April,4,26,41,Boat01,Left25_20200413.MP4,31205,8.6767,3495.702,78.947,5.326,7113.403,13.863,85.878,25.7,-825.755,-1490.972,-6906.202,20210624,THLH,Lamnidae,Carcharodon,carcharias,37010003,Bait,AD,Passing,Unknown,Y,,M,V,N
April,4,26,41,Boat01,Left25_20200413.MP4,33199,9.2312,1866.713,21.775,14.679,5685.571,1.209,31.692,39.652,3.056,119.955,-5684.305,20210624,THLH,Lamnidae,Carcharodon,carcharias,37010003,Bait,AD,Passing,Marlin,Y,,M,S,N
April,4,26,41,Boat01,Left25_20200413.MP4,35681,9.9213,1269.482,35.014,9.918,6028.757,4.235,76.079,51.755,435.055,-94.483,-6012.297,20210624,THLH,Lamnidae,Carcharodon,carcharias,37010003,Bait,AD,Passing,Marlin,Y,,M,D,N
April,4,26,41,Boat01,Left25_20200413.MP4,36466,10.1396,0,47.518,10.732,5598.244,7.141,79.365,3.097,-143.604,680.944,-5554.82,20210624,THLH,Lamnidae,Carcharodon,carcharias,37010003,Bait,AD,Feeding,Marlin,Y,tried to bite bait line,H,S,N
April,4,26,41,Boat01,Left25_20200413.MP4,37272,10.3637,0,22.359,6.891,3824.476,10.786,87.738,4.347,-548.634,459.638,-3756.907,20210624,THLH,Lamnidae,Carcharodon,carcharias,37010003,Bait,AD,Feeding,Marlin,Y,Biting the bait float,H,S,N
April,4,27,42,Control,Left25_20200413_1.MP4,10663,14.9591,2078.224,30.938,11.264,5506.035,12.195,44.64,28.755,-917.262,-715.176,-5381.782,20210624,TH,Lamnidae,Carcharodon,carcharias,37010003,Bait,AD,Passing,Marlin,Y,,M,D,N
April,4,27,42,Control,Left25_20200413_1.MP4,20143,17.5951,0,3.797,2.513,3588.27,9.062,88.245,84.471,294.85,-482.132,-3543.487,20210624,TH,Lamnidae,Carcharodon,carcharias,37010003,Bait,AD,Feeding,Marlin,Y,Touched electrode & bait line,H,D,N
April,4,27,42,Control,Left25_20200413_1.MP4,25446,19.0696,2650.241,17.139,8.416,5185.24,12.992,22.939,37.062,937.203,-693.213,-5052.506,20210624,TH,Lamnidae,Carcharodon,carcharias,37010003,Bait,AD,Passing,Old Tag,Y,,M,D,N
April,4,27,42,Control,Left25_20200413_1.MP4,27534,19.6502,4200.325,90.46,4.603,6932.104,8.893,84.807,9.685,142.47,-1062.145,-6848.768,20210624,TH,Lamnidae,Carcharodon,carcharias,37010003,Bait,AD,Passing,Old Tag,Y,,M,D,N
April,4,27,42,Control,Left25_20200413_1.MP4,30225,20.3984,5591.906,109.486,4.036,7809.341,18.933,59.326,5.716,2388.029,-847.265,-7386.831,20210624,TH,Lamnidae,Carcharodon,carcharias,37010003,Bait,AD,Passing,Old Tag,Y,,M,D,N
April,4,27,42,Control,Left25_20200413_1.MP4,37555,22.4366,0,28.761,35.902,4707.831,22.044,66.409,20.593,-1193.566,-1302.893,-4363.661,20210624,TH,Lamnidae,Carcharodon,carcharias,37010003,Bait,AD,Feeding,Old Tag,Y,,H,V,N
April,4,30,43,Boat01,Left29b_20200413_1.MP4,6287,13.7245,11601.652,10000.258,336.601,2765.27,20.161,74.902,10.97,-279.601,-911.123,-2595.842,20210625,EBWM,Lamnidae,Carcharodon,carcharias,37010003,Bait,AD,Passing,Marlin,Y,11m ???,M,S,N
April,4,30,43,Boat01,Left29b_20200413_1.MP4,6808,13.8694,0,283.506,134.984,14219.765,18.012,72.315,2.168,-4270.814,-1045.325,-13522.912,20210625,EBWM,Lamnidae,Carcharodon,carcharias,37010003,Bait,AD,Feeding,Marlin,Y,,H,S,N
April,4,33,44,Boat01,Left29b_20200413_4.MP4,19718,41.4208,0,40.009,213.859,5228.591,13.415,87.057,13.042,-267.793,-1183.108,-5085.932,BH,20210629,Lamnidae,Carcharodon,carcharias,37010003,Bait,AD,Feeding,Maeve,Y,,H,D,N
April,4,33,44,Boat01,Left29b_20200413_4.MP4,20860,41.7384,2171.235,34.283,261.896,5874.708,16.759,40.462,8.364,-956.602,-1398.049,-5625.172,BH,20210629,Lamnidae,Carcharodon,carcharias,37010003,Bait,AD,Passing,Maeve,Y,,M,D,N
April,4,33,44,Boat01,Left29b_20200413_4.MP4,21808,42.002,2731.188,47.289,147.97,5761.576,8.974,55.642,0.569,-83.024,-894.876,-5691.051,BH,20210629,Lamnidae,Carcharodon,carcharias,37010003,Bait,AD,Passing,Maeve,Y,,M,D,N
April,4,33,44,Boat01,Left29b_20200413_4.MP4,22705,42.2514,2438.368,21.593,170.619,3710.549,15.098,63.252,16.132,649.491,-715.743,-3582.463,BH,20210629,Lamnidae,Carcharodon,carcharias,37010003,Bait,AD,Passing,Maeve,Y,Measured from dorsal,M,D,N
April,4,33,44,Boat01,Left29b_20200413_4.MP4,23989,42.6084,9744.665,221.341,87.317,9808.427,8.563,73.876,4.022,-1444.889,-212.725,-9699.087,BH,20210629,Lamnidae,Carcharodon,carcharias,37010003,Bait,AD,Passing,Maeve,Y,,M,D,N
April,4,33,44,Boat01,Left29b_20200413_4.MP4,28027,43.7312,1503.257,14.791,112.033,3925.764,7.081,73.13,54.019,44.583,-481.853,-3895.825,BH,20210629,Lamnidae,Carcharodon,carcharias,37010003,Bait,AD,Passing,Maeve,Y,,H,D,N
April,4,33,44,Boat01,Left29b_20200413_4.MP4,28800,43.9461,1046.648,16.858,135.336,4009.628,12.047,86.982,48.828,697.293,-462.782,-3921.318,BH,20210629,Lamnidae,Carcharodon,carcharias,37010003,Bait,AD,Passing,Maeve,Y,,M,D,N
April,4,33,44,Boat01,Left29b_20200413_4.MP4,30753,44.4892,0,4.544,13.149,3229.439,20.528,13.548,47.479,1126.039,-120.098,-3024.383,BH,20210629,Lamnidae,Carcharodon,carcharias,37010003,Bait,AD,Feeding,Maeve,Y,,H,S,N
April,4,35,45,Control,Left35_20200413.MP4,20321,5.6504,0,133.419,281.348,10107.55,18.289,72.467,9.815,-2642.53,1754.465,-9596.95,20210629,THBH,Lamnidae,Carcharodon,carcharias,37010003,Bait,AD,Feeding,Maeve,Y,,H,S,N
April,4,38,46,Boat01,Left38_20200413.MP4,20514,5.704,0,14.12,49.467,3148.516,16.456,74.267,2.718,859.717,237.522,-3019.54,20210701,BH,Lamnidae,Carcharodon,carcharias,37010003,Bait,AD,Feeding,Old Tag,N,,H,S,N
April,4,38,46,Boat01,Left38_20200413.MP4,22043,6.1292,2411.22,43.366,229.832,5399.869,8.485,82.23,29.616,514.458,608.392,-5340.766,20210701,BH,Lamnidae,Carcharodon,carcharias,37010003,Bait,AD,Passing,Old Tag,N,,M,S,N
April,4,38,46,Boat01,Left38_20200413_1.MP4,164,12.022,7223.637,126.774,253.697,7231.265,9.111,89.197,9.759,323.085,-1098.563,-7140.026,20210701,BH,Lamnidae,Carcharodon,carcharias,37010003,Bait,AD,Passing,Old Tag,N,Cant Compute Bait,M,D,N
April,4,38,46,Boat01,Left38_20200413_1.MP4,3204,12.8673,1137.303,21.534,180.558,4765.769,11.364,61.145,47.811,611.604,-712.527,-4672.344,20210701,BH,Lamnidae,Carcharodon,carcharias,37010003,Bait,AD,Passing,Old Tag,N,,M,D,N
April,4,38,46,Boat01,Left38_20200413_1.MP4,9377,14.5837,5995.529,175.685,255.695,10173.72,8.404,78.669,20.855,-1458.402,289.707,-10064.478,20210701,BH,Lamnidae,Carcharodon,carcharias,37010003,Bait,AD,Passing,Maeve,N,Taken from Dorsal,M,S,N
April,4,40,47,Control,Left_40_20200414 and Left_41_20200414.MP4,26607,7.3982,0,10.842,180.025,5722.855,12.485,75.455,88.07,-328.492,-1192.761,-5587.53,20210701,THLHBH,Lamnidae,Carcharodon,carcharias,37010003,Bait,AD,Feeding,Old Tag,Y,,H,D,N
April,4,41,48,Control,Left_41_20200414_1.MP4,2357,12.6318,1895.705,24.64,179.709,4860.734,4.388,60.247,43.928,102.964,357.355,-4846.486,20210701,THLHBH,Lamnidae,Carcharodon,carcharias,37010003,Bait,AD,Passing,Old Tag,N,,M,S,N
April,4,41,48,Control,Left_41_20200414_1.MP4,5332,13.459,1811.001,28.47,151.775,4855.267,6.933,59.818,32.57,480.52,335.587,-4819.761,20210701,THLHBH,Lamnidae,Carcharodon,carcharias,37010003,Bait,AD,Passing,Old Tag,N,,M,S,N
April,4,41,48,Control,Left_41_20200414_1.MP4,18557,17.1363,6029.805,191.194,251.437,10513.621,7.152,79.863,18.737,-1255.137,371.605,-10431.815,20210701,THLHBH,Lamnidae,Carcharodon,carcharias,37010003,Bait,AD,Passing,Old Tag,N,,M,S,N
April,4,41,48,Control,Left_41_20200414_1.MP4,23769,18.5855,1519.579,22.477,181.519,6071.824,7.807,26.319,34.013,412.015,-714.502,-6015.544,20210701,THLHBH,Lamnidae,Carcharodon,carcharias,37010003,Bait,AD,Passing,Old Tag,N,,M,S,N
April,4,41,48,Control,Left_41_20200414_1.MP4,30499,20.4568,7820.023,326.85,297.597,13676.546,8.013,85.562,18.832,-1900.193,155.005,-13543.011,20210701,THLHBH,Lamnidae,Carcharodon,carcharias,37010003,Bait,AD,Passing,Old Tag,N,,M,S,N
April,4,41,48,Control,Left_41_20200414_1.MP4,33650,21.333,7225.728,256.884,185.458,11572.998,4.886,89.482,11.035,-984.854,-43.26,-11530.936,20210701,THLHBH,Lamnidae,Carcharodon,carcharias,37010003,Bait,AD,Passing,Unknown,N,,M,D,N
April,4,41,48,Control,Left_41_20200414_1.MP4,36463,22.1151,7026.129,10000.098,111.1,2640.702,6.795,88.126,7.99,112.443,-291.51,-2622.153,20210701,THLHBH,Lamnidae,Carcharodon,carcharias,37010003,Bait,AD,Passing,Unknown,N,,M,D,N
April,4,43,49,Control,Left_43_20200414_1 and Left_44_20200414.MP4,11382,15.1412,0,88.16,16.088,7622.328,9.628,81.712,7.426,903.443,-899.356,-7514.974,20210701,THLHBH,Lamnidae,Carcharodon,carcharias,37010003,Bait,AD,Feeding,New Tagged,Y,Took bait,H,D,N
April,4,44,50,Boat01,Left_43_20200414_1 and Left_44_20200414.MP4,38181,22.5928,1938.967,42.403,19.886,6296.335,13.105,40.842,8.821,-1278.297,-635.71,-6132.345,20210701,THLHBH,Lamnidae,Carcharodon,carcharias,37010003,Bait,AD,Passing,New Tagged,N,,M,D,N
April,4,44,50,Boat01,Left_43_20200414_1 and Left_44_20200414.MP4,43003,23.9336,1906.388,45.144,1.732,6162.01,13.755,63.181,33.668,-181.289,-1453.862,-5985.298,20210701,THLHBH,Lamnidae,Carcharodon,carcharias,37010003,Bait,AD,Passing,New Tagged,N,,M,D,N
April,4,44,50,Boat01,Left_44_20200414_1.MP4,5560,25.4988,3681.172,82.18,7.523,7133.694,14.16,78.296,20.601,214.015,-1731.968,-6916.941,20210701,THLHBH,Lamnidae,Carcharodon,carcharias,37010003,Bait,AD,Passing,New Tagged,N,,M,D,N
April,4,45,51,Control,Left_45_20200414.MP4,30986,8.6158,1845.115,34.134,7.496,5806.851,10.314,72.022,49.364,-689.676,-778.038,-5713.014,20210701,LHBHTH,Lamnidae,Carcharodon,carcharias,37010003,Bait,AD,Passing,Scar Face,Y,,M,S,N
April,4,45,51,Control,Left_45_20200414.MP4,40580,11.2835,3197.027,45.256,42.461,5511.865,13.037,56.02,2.384,-180.963,-1230.116,-5369.797,20210701,LHBHTH,Lamnidae,Carcharodon,carcharias,37010003,Bait,AD,Passing,Scar Face,Y,,M,D,N
April,4,45,51,Control,Left_45_20200414_1 and Left_46_20200414.MP4,3226,12.8823,0,15.095,74.674,5670.391,12.55,86.696,77.908,1200.787,-276.187,-5534.905,20210701,LHBHTH,Lamnidae,Carcharodon,carcharias,37010003,Bait,AD,Feeding,Scar Face,Y,,H,V,N
April,4,46,52,Boat01,Left_46_20200414_1 and Left_47_20200414.MP4,1621,12.4271,3572.883,77.67,26.937,6683.258,10.094,73.41,5.261,-892.388,-758.78,-6579.805,20210702,BH,Lamnidae,Carcharodon,carcharias,37010003,Bait,AD,Passing,Flat Top,N,,M,D,N
April,4,46,52,Boat01,Left_46_20200414_1 and Left_47_20200414.MP4,20165,17.5834,3365.884,113.581,5.001,8216.383,4.555,78.171,9.034,373.444,-535.069,-8190.433,20210702,BH,Lamnidae,Carcharodon,carcharias,37010003,Bait,AD,Passing,Unknown,N,,M,D,N
April,4,46,52,Boat01,Left_46_20200414_1 and Left_47_20200414.MP4,23589,18.5355,1850.543,89.624,5.826,7874.233,11.095,70.815,16.372,1336.326,-714.34,-7727.062,20210702,BH,Lamnidae,Carcharodon,carcharias,37010003,Bait,AD,Passing,Clippy,N,,H,D,N
April,4,48,53,Control,Left_48_20200414 and Left_49_20200414.MP4,16628,4.6235,2978.428,55.171,25.925,5540.594,14.681,85.279,6.733,-1104.547,-867.083,-5359.694,20210702,EBBH,Lamnidae,Carcharodon,carcharias,37010003,Bait,AD,Passing,New Tagged,Y,,M,D,N
April,4,48,53,Control,Left_48_20200414 and Left_49_20200414.MP4,23037,6.4056,1895.679,14.05,5.96,5629.467,12.296,12.065,11.798,-628.376,-1021.039,-5500.32,20210702,EBBH,Lamnidae,Carcharodon,carcharias,37010003,Bait,AD,Passing,New Tagged,Y,,H,V,N
April,4,48,53,Control,Left_48_20200414 and Left_49_20200414.MP4,30012,8.345,0,36.834,10.611,5026.205,8.848,74.95,36.284,-544.336,-549.037,-4966.386,20210702,EBBH,Lamnidae,Carcharodon,carcharias,37010003,Bait,AD,Feeding,New Tagged,Y,,H,D,N
April,4,50,54,Control,Left_50_20200414 and Left_51_20200414.MP4,11428,3.1776,2777.138,8.539,20.983,3568.725,1.22,8.675,15.954,71.676,25.142,-3567.916,20210702, BH,Lamnidae,Carcharodon,carcharias,37010003,Bait,AD,Passing,Clippy,Y,,H,S,N
April,4,50,54,Control,Left_50_20200414 and Left_51_20200414.MP4,12101,3.3648,0,11.345,19.773,2787.908,11.266,75.758,14.382,-536.259,95.144,-2734.192,20210702, BH,Lamnidae,Carcharodon,carcharias,37010003,Bait,AD,Feeding,Clippy,Y,,H,S,N
April,4,50,54,Control,Left_50_20200414 and Left_51_20200414.MP4,12792,3.5569,858.767,15.8,7.89,6045.324,9.21,15.266,7.612,-270.412,-929.068,-5967.382,20210702, BH,Lamnidae,Carcharodon,carcharias,37010003,Bait,AD,Passing,Clippy,Y,Taken from Pectoral,H,D,N
April,4,50,54,Control,Left_50_20200414 and Left_51_20200414.MP4,15066,4.1892,1564.575,12.434,5.488,5685.988,5.586,73.517,78.435,-547.325,82.02,-5658.99,20210702, BH,Lamnidae,Carcharodon,carcharias,37010003,Bait,AD,Passing,Clippy,Y,,H,V,N
April,4,50,54,Control,Left_50_20200414 and Left_51_20200414.MP4,19977,5.5547,1641.986,20.582,2.444,3752.295,7.23,79.205,30.221,-166.011,-442.123,-3722.457,20210702, BH,Lamnidae,Carcharodon,carcharias,37010003,Bait,AD,Passing,Clippy,Y,,H,D,N
April,4,50,54,Control,Left_50_20200414 and Left_51_20200414.MP4,29720,8.2638,0,14.295,4.611,5205.84,10.028,33.203,61.423,-214.843,880.62,-5126.316,20210702, BH,Lamnidae,Carcharodon,carcharias,37010003,Bait,AD,Feeding,Clippy,Y,,H,D,N
April,4,52,55,Control,Left_52_20200414.MP4,27554,7.6615,3665.035,41.961,14.452,5703.601,9.664,43.377,8.087,701.361,-651.757,-5622.666,20210702,BH,Lamnidae,Carcharodon,carcharias,37010003,Bait,AD,Passing,Clippy,Y,,M,D,N
April,4,52,55,Control,Left_52_20200414.MP4,32197,8.9526,0,29.861,2.442,4440.851,10.512,87.15,10.245,172.907,-791.497,-4366.325,20210702,BH,Lamnidae,Carcharodon,carcharias,37010003,Bait,AD,Feeding,Clippy,Y,,H,D,N
April,4,53,56,Boat01,Left_52_20200414.MP4,43171,12.0039,4254.847,103.031,39.215,8832.106,10.172,49.037,7.011,1268.228,-908.137,-8693.272,20210702,BH,Lamnidae,Carcharodon,carcharias,37010003,Bait,AD,Passing,Marlin,N,Taken from Dorsal,M,D,N
April,4,53,56,Boat01,Left_52_20200414_1.MP4,395,12.1307,2162.853,17.365,95.675,5977.13,11.476,7.947,0.452,1033.862,-587.726,-5857.627,20210702,BH,Lamnidae,Carcharodon,carcharias,37010003,Bait,AD,Passing,Clippy,N,Taken from Tail,M,D,N
April,4,53,56,Boat01,Left_52_20200414_1.MP4,5380,13.5168,2887.694,81.514,7.022,6871.349,7.159,87.242,8.624,685.653,-512.948,-6817.785,20210702,BH,Lamnidae,Carcharodon,carcharias,37010003,Bait,AD,Passing,Clippy,N,,M,D,N
April,4,53,56,Boat01,Left_52_20200414_1.MP4,6933,13.9487,1952.084,60.929,21.393,6851.468,6.654,57.471,18.938,453.118,-651.893,-6805.316,20210702,BH,Lamnidae,Carcharodon,carcharias,37010003,Bait,AD,Passing,Marlin,N,,M,D,N
April,4,53,56,Boat01,Left_52_20200414_1.MP4,13178,15.6851,2392.046,24.101,14.835,6179.382,4.87,22.882,22.972,-359.569,-381.918,-6157.078,20210702,BH,Lamnidae,Carcharodon,carcharias,37010003,Bait,AD,Passing,Marlin,N,,M,D,N
April,4,53,56,Boat01,Left_52_20200414_1.MP4,13581,15.7972,733.165,9.128,11.961,5651.327,7.748,14.172,56.247,441.323,-621.102,-5599.729,20210702,BH,Lamnidae,Carcharodon,carcharias,37010003,Bait,AD,Passing,Marlin,N,Reaction - Head spasm,H,D,Y
April,4,54,57,Control,Left_52_20200414_1.MP4,19730,17.5069,1573.379,17.821,9.321,4585.343,11.745,33.933,26.056,900.443,-245.634,-4489.347,20210702,BH,Lamnidae,Carcharodon,carcharias,37010003,Bait,AD,Passing,Marlin,Y,Reaction - quick head spasm,H,D,Y
April,4,54,57,Control,Left_52_20200414_1.MP4,20793,17.8025,895.849,35.18,9.596,5949.834,10.11,74.951,49.028,958.901,-413.908,-5857.45,20210702,BH,Lamnidae,Carcharodon,carcharias,37010003,Bait,AD,Passing,Marlin,Y,,H,D,N
April,4,54,57,Control,Left_52_20200414_1.MP4,20793,17.8025,0,45.625,4.355,5164.291,10.432,85.795,0.56,933.04,-61.722,-5078.93,20210702,BH,Lamnidae,Carcharodon,carcharias,37010003,Bait,AD,Feeding,Marlin,Y,,H,D,N
April,4,55,58,Control,Left55.MP4,24931,6.9322,3110.206,67.681,46.826,7876.572,13.642,40.856,13.385,1525.525,-1060.034,-7654.377,20210705,BH,Lamnidae,Carcharodon,carcharias,37010003,Bait,AD,Passing,Staple,Y,,M,D,N
April,4,55,58,Control,Left55.MP4,26708,7.4263,1889.714,56.258,13.978,6483.348,9.321,68.435,26.916,-809.325,-669.138,-6397.738,20210705,BH,Lamnidae,Carcharodon,carcharias,37010003,Bait,AD,Passing,Scar Face,Y,,M,D,N
April,4,55,58,Control,Left55.MP4,28942,8.0475,0,30.708,27.053,4702.817,14.3,74.6,15.069,-442.503,1073.967,-4557.112,20210705,BH,Lamnidae,Carcharodon,carcharias,37010003,Bait,AD,Feeding,Staple,Y,,H,S,N
April,4,55,58,Control,Left55.MP4,30782,8.5591,3373.011,76.894,60.508,7432.305,19.562,50.98,5.451,2072.465,-1377.661,-7003.292,20210705,BH,Lamnidae,Carcharodon,carcharias,37010003,Bait,AD,Passing,Scar Face,Y,Taken from Pectoral,M,D,N
April,4,55,58,Control,Left55.MP4,31246,8.6881,0,41.973,8.214,5424.011,14.968,87.799,14.74,187.471,1388.312,-5239.975,20210705,BH,Lamnidae,Carcharodon,carcharias,37010003,Bait,AD,Feeding,Staple,Y,,H,V,N
April,4,56,59,Boat01,Left56.MP4,2759,12.7436,3857.673,54.783,8.942,6071.563,12.49,49.775,3.989,1310.997,-74.702,-5927.865,20210705,BH,Lamnidae,Carcharodon,carcharias,37010003,Bait,AD,Passing,Staple,N,,M,D,N
April,4,56,59,Boat01,Left56.MP4,3857,13.0489,2445.359,74.666,32.254,7147.673,9.733,71.023,21.219,1201.609,-127.291,-7044.797,20210705,BH,Lamnidae,Carcharodon,carcharias,37010003,Bait,AD,Passing,Staple,N,,M,D,N
April,4,56,59,Boat01,Left56.MP4,4183,13.1395,1242.465,15.916,7.121,6330.929,9.86,20.082,52.758,974.645,474.662,-6237.421,20210705,BH,Lamnidae,Carcharodon,carcharias,37010003,Bait,AD,Passing,Staple,N,Reaction - Multiple quick head jerk,M,D,Y
April,4,56,59,Boat01,Left56.MP4,6057,13.6606,2143.696,68.395,7.307,6771.236,2.83,84.265,25.443,170.349,287.723,-6762.975,20210705,BH,Lamnidae,Carcharodon,carcharias,37010003,Bait,AD,Passing,Staple,N,,H,D,N
April,4,56,59,Boat01,Left56.MP4,6529,13.7918,2397.082,63.566,4.376,6203.69,3.821,88.432,16.212,-198.144,-362.861,-6189.898,20210705,BH,Lamnidae,Carcharodon,carcharias,37010003,Bait,AD,Passing,Staple,N,,H,D,N
April,4,56,59,Boat01,Left56.MP4,8643,14.3796,4654.251,89.71,10.934,7338.072,10.303,68.534,19.916,1299.37,184.488,-7219.757,20210705,BH,Lamnidae,Carcharodon,carcharias,37010003,Bait,AD,Passing,Staple,N,,M,S,N
April,4,56,59,Boat01,Left56.MP4,10007,14.7589,3022.581,65.421,17.357,6294.178,2.595,73.043,15.047,-92.928,-269.45,-6287.721,20210705,BH,Lamnidae,Carcharodon,carcharias,37010003,Bait,AD,Passing,Staple,N,,M,S,N
April,4,56,59,Boat01,Left56.MP4,10492,14.8938,2808.185,65.663,5.958,6707.506,2.804,66.488,22.079,252.724,209.256,-6699.476,20210705,BH,Lamnidae,Carcharodon,carcharias,37010003,Bait,AD,Passing,Staple,N,,M,S,N
April,4,56,59,Boat01,Left56.MP4,13240,15.6579,3483.971,68.75,11.294,7022.272,16.302,55.857,17.634,-1967.14,125.985,-6739.94,20210705,BH,Lamnidae,Carcharodon,carcharias,37010003,Bait,AD,Passing,Unknown,N,,M,D,N
April,4,56,59,Boat01,Left56.MP4,14585,16.0318,2240.678,54.24,14.312,6137.729,4.132,70.539,24.931,430.024,103.385,-6121.773,20210705,BH,Lamnidae,Carcharodon,carcharias,37010003,Bait,AD,Passing,Staple,N,,M,D,N
April,4,56,59,Boat01,Left56.MP4,16920,16.6811,1024.972,25.058,3.854,5719.012,4.697,57.14,55.341,-426.013,194.434,-5699.808,20210705,BH,Lamnidae,Carcharodon,carcharias,37010003,Bait,AD,Passing,Staple,N,Reaction - Body/head spasm,M,D,Y
April,4,56,59,Boat01,Left56.MP4,20051,17.5517,1913.128,25.375,5.421,6366.795,13.838,39.761,55.598,1489.179,318.402,-6181.994,20210705,BH,Lamnidae,Carcharodon,carcharias,37010003,Bait,AD,Passing,Staple,N,Reaction - Body/head spasm,H,D,Y
April,4,56,59,Boat01,Left56.MP4,20051,17.5517,1899.364,39.299,227.33,6197.349,13.982,45.778,29.903,1348.386,651.137,-6013.735,20210705,BH,Lamnidae,Carcharodon,carcharias,37010003,Bait,AD,Passing,Staple,N,Reaction - Body/head spasm,H,D,Y
April,4,56,59,Boat01,Left56.MP4,22992,18.3695,2296.734,56.181,55.584,6385.513,4.874,70.075,28.847,537.976,-70.57,-6362.42,20210705,BH,Lamnidae,Carcharodon,carcharias,37010003,Bait,AD,Passing,Staple,N,,M,D,N
April,4,56,59,Boat01,Left56.MP4,25449,19.0526,1518.921,29.587,12.584,4318.955,16.656,83.619,15.553,-1135.438,-493.143,-4137.749,20210705,BH,Lamnidae,Carcharodon,carcharias,37010003,Bait,AD,Passing,Staple,N,,M,D,N
April,4,56,59,Boat01,Left56.MP4,25864,19.168,0,13.361,10.757,5209.543,13.54,40.668,67.358,-757.421,-956.029,-5064.747,20210705,BH,Lamnidae,Carcharodon,carcharias,37010003,Bait,AD,Feeding,Clippy,N,Reaction - Body Spasm,H,D,N
April,4,56,59,Boat01,Left56.MP4,29669,20.226,4137.267,58.533,34.007,7076.189,16.143,29.936,21.91,1952.801,239.924,-6797.165,20210705,BH,Lamnidae,Carcharodon,carcharias,37010003,Bait,AD,Passing,Staple,N,,M,D,N
April,4,56,59,Boat01,Left56.MP4,31104,20.625,2618.941,74.697,8.168,7013.44,15.162,71.005,9.987,-625.883,-1724.281,-6769.303,20210705,BH,Lamnidae,Carcharodon,carcharias,37010003,Bait,AD,Passing,Staple,N,,M,D,N
April,4,56,59,Boat01,Left56.MP4,32904,21.1255,1250.501,34.888,39.949,5565.099,8.499,79.429,44.128,553.926,-607.916,-5503.993,20210705,BH,Lamnidae,Carcharodon,carcharias,37010003,Bait,AD,Passing,Staple,N,Reaction - Whole Body Spasm,M,D,Y
April,4,56,59,Boat01,Left56.MP4,37761,22.4761,3263.884,48.407,8.587,6008.15,17.644,47.992,19.75,1809.316,-206.546,-5725.52,20210705,BH,Lamnidae,Carcharodon,carcharias,37010003,Bait,AD,Passing,Staple,N,,M,D,N
April,4,56,59,Boat01,Left56.MP4,37779,22.4811,3897.471,58.798,7.53,6315.481,18.132,47.62,16.269,1957.645,-174.707,-6001.866,20210705,BH,Lamnidae,Carcharodon,carcharias,37010003,Bait,AD,Passing,Staple,N,,M,D,N
April,4,56,59,Boat01,Left56.MP4,37779,22.4811,4317.177,61.445,2.085,6005.822,17.92,50.368,3.074,1828.97,264.072,-5714.458,20210705,BH,Lamnidae,Carcharodon,carcharias,37010003,Bait,AD,Passing,Staple,N,,M,D,N
April,4,56,59,Boat01,Left56.MP4,39285,22.8998,3904.088,79.977,11.766,6514.096,4.185,87.876,12.328,354.582,-316.71,-6496.723,20210705,BH,Lamnidae,Carcharodon,carcharias,37010003,Bait,AD,Passing,Clippy,N,,M,D,N
April,4,56,59,Boat01,Left56.MP4,40284,23.1776,5186.714,77.517,12.344,6543.163,12.888,57.861,0.022,1457.603,-73.126,-6378.325,20210705,BH,Lamnidae,Carcharodon,carcharias,37010003,Bait,AD,Passing,Staple,N,,M,D,N
April,4,56,59,Boat01,Left56.MP4,41675,23.5644,5104.258,97.17,8.781,7543.854,2.618,64.124,13.114,-225.783,260.272,-7535.981,20210705,BH,Lamnidae,Carcharodon,carcharias,37010003,Bait,AD,Passing,Staple,N,Taken from Dorsal,M,D,N
April,4,56,59,Boat01,Left56.MP4,42970,23.9245,5119.765,97.27,5.472,7221.976,11.4,76.438,15.715,-286.936,-1398.4,-7079.483,20210705,BH,Lamnidae,Carcharodon,carcharias,37010003,Bait,AD,Passing,Clippy,N,,M,D,N
April,4,56,59,Boat01,Left57.MP4,226,24.0157,4920.818,106.923,23.247,7319.965,4.149,82.426,5.582,-101.569,-519.741,-7300.783,20210705,BH,Lamnidae,Carcharodon,carcharias,37010003,Bait,AD,Passing,Staple,N,,M,D,N
April,4,56,59,Boat01,Left57.MP4,807,24.1772,2357.544,64.842,17.094,6112.624,2.926,88.976,0.913,-108.108,-292.69,-6104.655,20210705,BH,Lamnidae,Carcharodon,carcharias,37010003,Bait,AD,Passing,Clippy,N,,H,D,N
April,4,56,59,Boat01,Left57.MP4,1390,24.3393,2690.771,49.753,11.111,6290.945,8.938,49.71,13.885,-795.521,-567.876,-6214.552,20210705,BH,Lamnidae,Carcharodon,carcharias,37010003,Bait,AD,Passing,Clippy,N,,H,D,N
April,4,56,59,Boat01,Left57.MP4,2540,24.6591,2445.348,32.334,6.163,4261.961,6.323,81.077,17.048,-434.421,-177.726,-4236.037,20210705,BH,Lamnidae,Carcharodon,carcharias,37010003,Bait,AD,Passing,Clippy,N,,H,D,N
April,4,56,59,Boat01,Left57.MP4,3730,24.99,3979.51,43.467,8.141,6355.051,7.076,42.17,29.894,782.535,23.586,-6306.644,20210705,BH,Lamnidae,Carcharodon,carcharias,37010003,Bait,AD,Passing,Staple,N,From Dorsal,M,S,N
April,4,56,59,Boat01,Left57.MP4,4543,25.216,1428.579,20.171,1.607,5444.052,4.134,78.146,65.237,-378.195,104.95,-5429.886,20210705,BH,Lamnidae,Carcharodon,carcharias,37010003,Bait,AD,Passing,Staple,N,Reaction - Head Jerk,H,S,Y
April,4,56,59,Boat01,Left57.MP4,5234,25.4082,1618.741,5.745,8.614,4924.359,4.413,2.304,40.731,-155.395,-345.542,-4909.762,20210705,BH,Lamnidae,Carcharodon,carcharias,37010003,Bait,AD,Passing,Staple,N,,H,S,N
April,4,56,59,Boat01,Left57.MP4,7985,26.1731,2791.456,49.186,25.588,6100.318,1.626,59.029,26.423,-161.22,62.872,-6097.864,20210705,BH,Lamnidae,Carcharodon,carcharias,37010003,Bait,AD,Passing,Staple,N,,M,D,N
April,4,56,59,Boat01,Left57.MP4,8522,26.3224,2338.806,29.094,7.308,4366.041,8.768,71.257,26.794,660.172,-84.309,-4315.018,20210705,BH,Lamnidae,Carcharodon,carcharias,37010003,Bait,AD,Passing,Staple,N,Reaction - Head Spasm,M,D,Y
April,4,56,59,Boat01,Left57.MP4,11523,27.1569,5015.738,100.015,20.435,7073.39,13.862,87.85,6.54,-1553.421,-677.202,-6867.396,20210705,BH,Lamnidae,Carcharodon,carcharias,37010003,Bait,AD,Passing,Staple,N,,M,D,N
April,4,57,60,Boat01,Left57.MP4,31581,32.7341,2945.436,58.956,4.441,6513.176,18.387,48.697,1.907,2019.235,-378.893,-6180.663,20210705,BH,Lamnidae,Carcharodon,carcharias,37010003,Bait,AD,Passing,Staple,Y,,M,D,N
April,4,57,60,Boat01,Left57.MP4,34169,33.4537,0,33.202,26.053,4663.254,1.747,80.755,11.249,135.561,-42.96,-4661.085,20210705,BH,Lamnidae,Carcharodon,carcharias,37010003,Bait,AD,Feeding,Staple,Y,,H,S,N
April,4,57,60,Boat01,Left57.MP4,35547,33.8369,0,80.705,6.751,7301.077,8.189,79.93,4.516,622.475,833.143,-7226.625,20210705,BH,Lamnidae,Carcharodon,carcharias,37010003,Bait,AD,Feeding,Staple,Y,,H,S,N
April,4,58,61,Control,Left58.MP4,7511,38.0177,1675.367,12.474,12.92,5963.053,4.796,10.134,21.595,-412.901,-279.37,-5942.177,20210705,BH,Lamnidae,Carcharodon,carcharias,37010003,Bait,AD,Passing,Staple,Y,Taken from Pectoral,M,D,N
April,4,58,61,Control,Left58.MP4,9493,38.5688,4342.631,25.837,73.629,4420.111,3.092,33.154,19.046,208.955,-114.741,-4413.678,20210705,BH,Lamnidae,Carcharodon,carcharias,37010003,Bait,AD,Passing,Staple,Y,Taken from Dorsal,M,D,N
April,4,58,61,Control,Left58.MP4,15145,40.1404,3688.456,98.34,11.874,7500.451,5.989,85.736,13.53,-759.226,-189.881,-7459.51,20210705,BH,Lamnidae,Carcharodon,carcharias,37010003,Bait,AD,Passing,Staple,Y,Taken from Pectoral,M,D,N
April,4,58,61,Control,Left58.MP4,24028,42.6103,1274.588,15.301,7.663,5506.869,9.907,83.463,72.562,947.139,23.957,-5424.755,20210705,BH,Lamnidae,Carcharodon,carcharias,37010003,Bait,AD,Passing,Staple,Y,,M,D,N
April,4,58,61,Control,Left58.MP4,29584,44.1552,2517.897,19.571,1.644,5724.984,7.886,27.805,45.936,783.876,-50.963,-5670.836,20210705,BH,Lamnidae,Carcharodon,carcharias,37010003,Bait,AD,Passing,Staple,Y,,M,D,N
April,4,58,61,Control,Left58.MP4,32731,45.0303,5353.766,7986.276,17.875,3091.667,20.902,71.025,16.726,703.068,-849.901,-2888.212,20210705,BH,Lamnidae,Carcharodon,carcharias,37010003,Bait,AD,Passing,Staple,Y,,M,D,N
April,4,58,61,Control,Left58.MP4,35227,45.7243,4105.388,106.948,11.357,8202.444,14.244,65.758,4.223,-1557.552,-1283.406,-7950.282,20210705,BH,Lamnidae,Carcharodon,carcharias,37010003,Bait,AD,Passing,Staple,Y,,M,D,N
April,4,58,61,Control,Left58.MP4,35967,45.9301,2859.572,13.375,19.024,4686.216,11.247,18.147,27.943,-157.652,-900.272,-4596.225,20210705,BH,Lamnidae,Carcharodon,carcharias,37010003,Bait,AD,Passing,Staple,Y,,M,D,N
April,4,58,61,Control,Left58.MP4,39290,46.854,2994.303,47.498,18.094,7118.475,13.071,32.201,17.319,1541.433,-464.386,-6934.047,20210705,BH,Lamnidae,Carcharodon,carcharias,37010003,Bait,AD,Passing,Staple,Y,,M,D,N
April,4,58,61,Control,Left59.MP4,5961,49.5631,1228.272,13.72,0.865,5648.659,10.749,34.081,67.579,-533.385,-908.56,-5549.538,20210705,BH,Lamnidae,Carcharodon,carcharias,37010003,Bait,AD,Passing,Staple,Y,,H,V,N
April,4,58,61,Control,Left59.MP4,6312,49.6607,2179.629,33.873,4.073,4762.157,7.638,87.415,31.105,377.734,-507.921,-4719.902,20210705,BH,Lamnidae,Carcharodon,carcharias,37010003,Bait,AD,Passing,Staple,Y,,H,S,N
April,4,58,61,Control,Left59.MP4,7447,49.9763,0,26.067,5.504,4360.985,17.605,80.701,17.101,-131.227,1312.456,-4156.733,20210705,BH,Lamnidae,Carcharodon,carcharias,37010003,Bait,AD,Feeding,Staple,Y,cant compute bait,H,V,N
April,4,59,62,Boat01,Left59.MP4,15622,52.2494,2276.98,33.522,2.077,5271.172,13.531,52.724,25.536,909.171,-833.299,-5124.869,20210705,BH,Lamnidae,Carcharodon,carcharias,37010003,Bait,AD,Passing,Staple,Y,,H,S,N
April,4,59,62,Boat01,Left59.MP4,16190,52.4074,1155.193,8.29,7.753,5209.169,5.433,57.599,80.466,421.898,-255.536,-5185.763,20210705,BH,Lamnidae,Carcharodon,carcharias,37010003,Bait,AD,Passing,Staple,Y,,H,S,N
April,4,59,62,Boat01,Left59.MP4,18968,53.1798,5446.403,132.749,24.124,8653.158,8.828,72.799,15.222,779.713,-1074.971,-8550.65,20210705,BH,Lamnidae,Carcharodon,carcharias,37010003,Bait,AD,Passing,Unknown,Y,,M,D,N
April,4,59,62,Boat01,Left59.MP4,20026,53.474,2037.455,49.988,5.151,5482.605,11.224,88.502,8.184,-749.193,-759.978,-5377.742,20210705,BH,Lamnidae,Carcharodon,carcharias,37010003,Bait,AD,Passing,Staple,Y,,M,D,N
April,4,59,62,Boat01,Left59.MP4,21790,53.9645,2449.27,34.872,7.691,4430.906,10.642,75.229,5.851,616.546,-538.032,-4354.689,20210705,BH,Lamnidae,Carcharodon,carcharias,37010003,Bait,AD,Passing,Staple,Y,From Dorsal,H,D,N
April,4,59,62,Boat01,Left59.MP4,30409,56.361,4715.858,55.425,1.751,6808.175,10.385,38.154,19.26,1222.442,109.03,-6696.641,20210705,BH,Lamnidae,Carcharodon,carcharias,37010003,Bait,AD,Passing,Unknown,Y,Taken from Tail,M,D,N
April,4,59,62,Boat01,Left59.MP4,30785,56.4656,4981.407,103.908,9.295,7675.118,11.441,66.624,2.51,-1266.164,-845.351,-7522.609,20210705,BH,Lamnidae,Carcharodon,carcharias,37010003,Bait,AD,Passing,Unknown,Y,Taken from Dorsal,M,D,N
April,4,59,62,Boat01,Left59.MP4,32807,57.0278,2949.286,25.524,4.129,5936.322,9.355,21.484,19.212,949.706,-171,-5857.366,20210705,BH,Lamnidae,Carcharodon,carcharias,37010003,Bait,AD,Passing,Staple,Y,,M,D,N
April,4,59,62,Boat01,Left59.MP4,33511,57.2236,0,16.871,4.198,5223.999,7.203,77.013,67.13,-617.643,-218.191,-5182.767,20210705,BH,Lamnidae,Carcharodon,carcharias,37010003,Bait,AD,Feeding,Staple,Y,,H,S,N
April,4,60,63,Control,Left60.MP4,10041,62.674,2015.358,16.581,1.107,5659.76,15.664,6.72,24.272,-1436.549,-520.961,-5449.57,20210705,BH,Lamnidae,Carcharodon,carcharias,37010003,Bait,AD,Passing,Clippy,Y,Taken from Tail,M,D,N
April,4,60,63,Control,Left60.MP4,11262,63.0135,0,,,,,,,,,,20210705,BH,Lamnidae,Carcharodon,carcharias,37010003,Bait,AD,Feeding,Clippy,Y,,H,S,N
April,4,61,64,Boat01,Left60.MP4,39358,70.8258,6046.291,108.046,35.86,6888.278,2.052,82.466,4.483,-187.762,-159.935,-6883.861,20210705,BH,Lamnidae,Carcharodon,carcharias,37010003,Bait,AD,Passing,Unknown,N,,M,D,N
April,4,61,64,Boat01,Left60.MP4,40589,71.168,2121.407,43.488,7.69,5443.417,5.123,78.963,28.215,-486.077,5.555,-5421.668,20210705,BH,Lamnidae,Carcharodon,carcharias,37010003,Bait,AD,Passing,Staple,N,,M,D,N
April,4,61,64,Boat01,Left61.MP4,2230,72.4785,3177.988,32.236,6.487,6566.372,13.856,25.424,13.757,-371.448,-1527.976,-6375.309,20210705,BH,Lamnidae,Carcharodon,carcharias,37010003,Bait,AD,Passing,Staple,N,,M,D,N