trip,trial,det,time,ID,activity,dist,app_type,intent,reaction
1,1,Boat01 80-V,7.4725,Tia,Passing,2436.17,D,M,N
1,1,Boat01 80-V,7.9518,Tia,Feeding,0,S,H,N
1,1,Boat01 80-V,8.6214,Tia,Passing,2268.282,D,M,N
1,1,Boat01 80-V,8.945,Tia,Passing,2531.776,D,M,N
1,1,Boat01 80-V,9.9127,Tia,Passing,1786.355,D,M,N
1,2,Boat01 80-V,20.783,Tia,Passing,1530.366,D,M,N
1,2,Boat01 80-V,21.4815,Tia,Passing,2999.568,D,M,Y
1,2,Boat01 80-V,21.9847,Tia,Passing,1102.242,D,M,Y
1,2,Boat01 80-V,28.1465,Tia,Passing,3129.603,D,M,N
1,2,Boat01 80-V,29.0546,Tia,Passing,1798.917,D,M,N
1,3,Boat01 80-V,8.7649,Tia,Passing,4501.788,D,M,N
1,3,Boat01 80-V,9.0557,Tia,Passing,6301.613,S,M,N
1,3,Boat01 80-V,12.9112,Tia,Passing,1018.616,S,M,N
2,4,Control,12.3896,Elfie,Feeding,0,D,H,N
2,5,Control,12.3896,Elfie,Feeding,0,D,H,N
3,6,Boat01 80-V,5.6114,White Spot,Passing,2514.091,D,M,N
3,6,Boat01 80-V,8.0066,Unknown,Passing,1084.591,D,M,N
3,6,Boat01 80-V,8.2157,Unknown,Passing,2056.706,D,M,N
3,6,Boat01 80-V,8.3864,Unknown,Passing,1267.903,S,M,N
3,7,Control,3.5647,Small,Passing,6268.73,D,M,N
3,7,Control,12.0662,Unknown,Passing,9074.439,S,M,N
3,7,Control,12.4494,Small,Passing,696.532,S,M,N
3,7,Control,12.6777,Small,Passing,840.208,D,M,N
3,7,Control,13.9823,Small,Passing,1014.363,S,M,N
3,7,Control,14.6079,White Spot,Feeding,0,D,H,N
3,8,Control,7.4828,Shark 4,Passing,1444.434,S,M,N
3,8,Control,14.812,Unknown,Passing,15445.731,S,L,N
3,8,Control,15.2736,White Spot,Passing,4871.014,S,M,N
3,8,Control,17.4205,Shark 4,Passing,3028.446,D,M,N
3,9,Control,8.0514,Shark 4,Passing,8135.283,D,M,N
3,9,Control,9.2111,Shark 4,Passing,1530.639,S,M,N
3,9,Control,11.3124,Shark 4,Passing,3024.057,S,M,N
3,9,Control,11.71,Shark 4,Passing,2768.801,D,M,N
3,9,Control,12.3651,Shark 4,Passing,6690.168,D,M,N
3,9,Control,14.1108,Shark 4,Passing,3575.843,S,M,N
3,9,Control,14.5192,Shark 4,Passing,6487.444,S,M,N
3,10,Boat01 80-V,23.6027,Small,Passing,660.271,S,M,N
3,10,Boat01 80-V,31.4778,Shark 4,Feeding,0,D,H,N
3,10,Boat01 80-V,32.1474,Shark 4,Passing,1961.653,D,M,N
3,10,Boat01 80-V,32.4558,Shark 4,Passing,10997.838,D,M,N
3,10,Boat01 80-V,32.5903,Shark 4,Passing,3651.251,D,M,N
3,10,Boat01 80-V,32.82,Shark 4,Passing,1062.717,D,M,N
3,10,Boat01 80-V,34.2856,Shark 4,Passing,3858.97,S,M,N
3,10,Boat01 80-V,35.7677,Shark 4,Passing,2892.353,S,M,N
3,10,Boat01 80-V,36.2042,Shark 4,Passing,11589.45,S,M,N
3,10,Boat01 80-V,36.3705,Small,Passing,889.45,D,M,N
3,10,Boat01 80-V,38.1064,Unknown,Passing,2744.948,D,M,N
3,11,Control,45.4777,Unknown,Passing,4964.225,D,M,N
3,11,Control,50.4779,Shark 4,Passing,1585.248,D,M,N
3,11,Control,50.6956,Shark 4,Passing,998.928,D,M,N
3,12,Boat01 80-V,2.7441,Itchy,Passing,1391.826,S,M,N
3,12,Boat01 80-V,3.4056,Itchy,Passing,1944.315,D,M,N
3,12,Boat01 80-V,5.0086,Itchy,Passing,3235.775,S,M,N
3,12,Boat01 80-V,5.1162,Itchy,Passing,704.073,S,M,N
3,12,Boat01 80-V,5.567,Itchy,Passing,7876.815,D,M,N
3,12,Boat01 80-V,5.704,Scratchy,Passing,983.882,D,M,N
3,12,Boat01 80-V,5.8856,Scratchy,Passing,1322.966,S,M,N
3,12,Boat01 80-V,5.8887,Itchy,Passing,2196.967,S,M,N
3,12,Boat01 80-V,6.2073,Itchy,Feeding,0,S,H,N
3,12,Boat01 80-V,6.271,Bully,Passing,4762.476,D,H,N
3,12,Boat01 80-V,6.7334,Itchy,Passing,927.752,D,M,N
3,12,Boat01 80-V,7.0826,Itchy,Passing,2474.706,D,M,N
3,12,Boat01 80-V,8.9901,Bully,Passing,8822.096,D,L,N
3,12,Boat01 80-V,9.3126,Itchy,Passing,5601.891,D,M,N
3,12,Boat01 80-V,9.9661,Bully,Passing,1832.701,D,M,N
3,12,Boat01 80-V,10.2541,Itchy,Passing,6067.236,S,L,N
3,12,Boat01 80-V,10.5002,Bully,Passing,579.209,D,M,N
3,12,Boat01 80-V,10.657,Bully,Passing,489.976,D,M,N
3,13,Control,4.9119,Itchy,Passing,7683.915,S,M,N
3,13,Control,4.9138,Unknown,Passing,6227.414,D,M,N
3,13,Control,5.1293,Unknown,Passing,800.89,D,H,N
3,13,Control,5.2675,Unknown,Feeding,0,D,H,N
3,13,Control,5.5455,Unknown,Passing,503.887,S,M,N
3,13,Control,5.768,Itchy,Passing,1057.658,S,M,N
3,13,Control,6.0071,Unknown,Feeding,0,D,H,N
3,14,Control,9.7881,Itchy,Passing,2121.934,S,M,N
3,14,Control,9.9385,Unknown,Passing,1037.524,D,M,N
3,14,Control,13.0241,Unknown,Passing,1258.096,D,M,N
3,14,Control,14.0896,Unknown,Passing,582.141,D,M,N
3,14,Control,14.1049,Itchy,Passing,1733.447,S,M,N
3,14,Control,15.2605,Unknown,Passing,6817.355,D,L,N
3,14,Control,15.8239,Unknown,Passing,654.48,S,M,N
3,14,Control,16.2968,Unknown,Passing,1044.82,S,M,N
3,14,Control,17.993,Unknown,Passing,2287.474,D,M,N
3,14,Control,20.5033,Unknown,Passing,2467.367,S,M,N
3,14,Control,21.6066,Unknown,Passing,2066.273,S,M,N
3,15,Boat01 80-V,6.0416,Itchy,Passing,2674.775,S,M,N
3,15,Boat01 80-V,6.516,Itchy,Passing,1420.399,S,M,N
3,15,Boat01 80-V,10.5144,Itchy,Feeding,0,S,H,N
3,15,Boat01 80-V,10.9999,Itchy,Passing,630.559,D,M,N
3,15,Boat01 80-V,11.4584,Itchy,Passing,3132.9,D,H,N
3,15,Boat01 80-V,11.8354,Itchy,Passing,2078.386,D,H,N
3,15,Boat01 80-V,11.9283,Itchy,Passing,326.079,D,H,N
3,15,Boat01 80-V,12.1135,Itchy,Passing,2101.013,V,H,N
3,15,Boat01 80-V,12.6549,Itchy,Passing,5231.616,D,M,N
3,15,Boat01 80-V,13.2555,Itchy,Passing,497.692,S,M,N
3,15,Boat01 80-V,13.4846,Scratchy,Passing,2299.21,D,M,N
3,15,Boat01 80-V,16.4912,Itchy,Passing,2826.465,D,M,N
3,15,Boat01 80-V,16.6886,Itchy,Passing,1296.54,D,H,N
3,15,Boat01 80-V,17.042,Itchy,Passing,2888.06,D,H,N
3,15,Boat01 80-V,17.5904,Itchy,Passing,3498.196,D,H,N
3,15,Boat01 80-V,18.3736,Unknown,Passing,2621.552,D,M,N
3,15,Boat01 80-V,19.5487,Unknown,Passing,1636.705,D,M,N
3,15,Boat01 80-V,20.2085,Unknown,Passing,7915.732,S,M,N
3,15,Boat01 80-V,21.0213,Unknown,Passing,7651.937,D,M,N
3,16,Boat01 80-V,5.5066,Unknown,Passing,2022.599,D,M,N
3,16,Boat01 80-V,8.3058,Kachow,Passing,2526.012,S,H,Y
3,16,Boat01 80-V,9.4119,Kachow,Feeding,0,D,H,N
3,16,Boat01 80-V,10.2522,Itchy,Passing,1708.487,S,M,N
3,16,Boat01 80-V,10.3606,Kachow,Passing,6613.572,D,H,N
3,16,Boat01 80-V,12.8286,Unknown,Passing,923.649,D,M,N
3,16,Boat01 80-V,13.39,Unknown,Passing,5314.322,S,M,N
3,16,Boat01 80-V,16.1895,Itchy,Passing,2051.427,S,M,N
3,16,Boat01 80-V,16.1895,Itchy,Passing,3485.987,S,M,N
3,16,Boat01 80-V,16.8238,Itchy,Passing,4324.919,D,M,N
3,16,Boat01 80-V,17.379,Itchy,Passing,1087.762,D,M,N
3,16,Boat01 80-V,17.7466,Itchy,Passing,715.588,S,M,N
4,17,Boat01 80-V,3.7899,Shark 1,Passing,2176.948,D,M,N
4,17,Boat01 80-V,8.0136,Shark 1,Passing,2873.539,D,M,N
4,17,Boat01 80-V,8.4279,Shark 1,Passing,2378.213,S,M,N
4,18,Control,13.6887,Shark 2,Passing,888.754,V,M,N
4,18,Control,14.6755,Shark 2,Passing,3809.224,D,L,N
4,18,Control,14.864,Shark 2,Passing,4005.31,D,M,N
4,18,Control,14.9936,Shark 2,Passing,4927.029,D,M,N
4,18,Control,7.718,Shark 1,Passing,783.417,V,M,N
4,18,Control,8.1687,Shark 1,Passing,872.823,D,M,Y
4,18,Control,8.3914,Shark 1,Passing,1345.051,D,M,N
4,19,Boat01 80-V,13.08,Old Tag,Passing,1827.576,D,H,Y
4,19,Boat01 80-V,15.1924,Old Tag,Passing,3653.272,D,H,N
4,19,Boat01 80-V,9.8237,Old Tag,Passing,1996.726,D,H,N
4,19,Boat01 80-V,10.5205,Old Tag,Passing,1050.262,S,H,N
4,20,Control,21.7859,Old Tag,Passing,2924.233,D,M,N
4,20,Control,22.0684,Old Tag,Feeding,0,S,H,N
4,20,Control,23.2888,Old Tag,Passing,1973.531,D,H,N
4,20,Control,25.1977,Old Tag,Passing,5029.665,D,M,N
4,20,Control,25.4588,Old Tag,Passing,2422.236,S,H,N
4,20,Control,25.7471,Old Tag,Passing,3692.641,S,M,N
4,21,Boat01 80-V,54.7558,Old Tag,Passing,2904.82,S,M,N
4,21,Boat01 80-V,56.0465,Old Tag,Passing,5828.746,D,M,N
4,21,Boat01 80-V,59.2325,New Tagged,Passing,1708.41,D,H,N
4,21,Boat01 80-V,59.6443,New Tagged,Passing,3278.857,D,H,N
4,22,Boat01 80-V,68.5946,New Tagged,Passing,2675.162,D,M,N
4,22,Boat01 80-V,68.6964,New Tagged,Passing,940.236,D,H,Y
4,22,Boat01 80-V,68.9219,Unknown,Passing,4110.414,D,M,N
4,22,Boat01 80-V,69.4024,Unknown,Passing,4238.709,D,M,N
4,22,Boat01 80-V,69.7133,Unknown,Passing,3351.764,D,M,N
4,22,Boat01 80-V,70.2949,New Tagged,Passing,2683.464,D,M,N
4,22,Boat01 80-V,70.5722,New Tagged,Passing,2501.449,D,M,N
4,22,Boat01 80-V,71.1402,New Tagged,Passing,1974.483,D,H,Y
4,22,Boat01 80-V,72.3884,New Tagged,Passing,5367.852,D,M,N
4,22,Boat01 80-V,73.1011,New Tagged,Passing,5774.349,S,M,N
4,22,Boat01 80-V,77.9153,New Tagged,Passing,3657.953,D,M,N
4,23,Control,0.9387,New Tagged,Passing,461.61,D,M,N
4,23,Control,1.2571,New Tagged,Passing,4042.937,D,M,N
4,23,Control,1.4609,New Tagged,Passing,4586.093,D,M,N
4,23,Control,3.833,New Tagged,Passing,6885.954,D,M,N
4,23,Control,5.7215,New Tagged,Passing,2697.986,D,M,N
4,23,Control,7.0765,New Tagged,Passing,2499.326,D,H,N
4,23,Control,7.1697,New Tagged,Passing,2221.395,D,H,N
4,23,Control,8.1123,New Tagged,Passing,2152.969,D,M,N
4,23,Control,8.6592,New Tagged,Passing,2727.383,D,M,Y
4,23,Control,9.2159,New Tagged,Passing,2146.576,D,H,N
4,24,Boat01 80-V,12.5628,New Tagged,Feeding,0,S,H,N
4,24,Boat01 80-V,13.1885,Marlin,Feeding,0,S,H,N
4,24,Boat01 80-V,2.7311,New Tagged,Passing,3298.941,S,M,N
4,24,Boat01 80-V,3.4532,New Tagged,Passing,3425.627,D,M,N
4,24,Boat01 80-V,7.0704,Unknown,Passing,4354.262,D,L,N
4,24,Boat01 80-V,7.6307,New Tagged,Passing,3525.172,S,M,N
4,24,Boat01 80-V,8.414,New Tagged,Passing,12582.466,D,M,N
4,24,Boat01 80-V,10.2811,New Tagged,Passing,3461.005,D,M,N
4,24,Boat01 80-V,10.9151,New Tagged,Passing,3319.479,D,M,N
4,25,Boat01 80-V,12.8845,Unknown,Passing,6350.635,D,M,N
4,25,Boat01 80-V,13.5866,New Tagged,Passing,3505.875,D,M,N
4,25,Boat01 80-V,14.3201,New Tagged,Passing,1642.934,D,M,N
4,25,Boat01 80-V,15.2166,New Tagged,Passing,2976.276,D,M,N
4,25,Boat01 80-V,5.664,New Tagged,Passing,1732.122,D,M,Y
4,25,Boat01 80-V,5.9204,New Tagged,Passing,975.482,D,M,N
4,25,Boat01 80-V,6.2212,New Tagged,Passing,945.345,D,M,N
4,25,Boat01 80-V,6.4887,Unknown,Passing,1326.08,D,M,N
4,25,Boat01 80-V,6.6758,Unknown,Passing,617.245,D,M,N
4,25,Boat01 80-V,7.2611,Unknown,Passing,2996.278,D,M,N
4,25,Boat01 80-V,7.2611,Unknown,Passing,2404.803,D,M,N
4,25,Boat01 80-V,8.424,New Tagged,Passing,2460.367,D,M,N
4,25,Boat01 80-V,11.1948,New Tagged,Passing,3734.991,D,M,Y
4,25,Boat01 80-V,11.3602,New Tagged,Passing,985.065,V,M,N
4,25,Boat01 80-V,11.536,New Tagged,Passing,14981.66,D,M,N
4,25,Boat01 80-V,11.9019,New Tagged,Passing,10499.11,D,M,N
4,26,Control,10.0575,New Tagged,Feeding,0,D,H,N
4,26,Control,13.8302,New Tagged,Passing,5385.505,D,M,N
4,26,Control,14.4667,Marlin,Feeding,0,V,H,N
4,27,Control,9.386,Old Tag,Passing,2796.173,S,M,N
4,27,Control,9.4113,New Tagged,Passing,3686.464,V,M,N
4,27,Control,9.9085,New Tagged,Passing,Cannot compute,V,H,N
4,27,Control,13.1351,New Tagged,Passing,8311.029,D,M,N
4,27,Control,13.4012,New tagged,Passing,Cannot compute,D,M,N
4,27,Control,16.0449,New tagged,Passing,3062.87,D,M,N
4,27,Control,16.658,New Tagged,Passing,2637.708,V,M,N
4,27,Control,17.054,New Tagged,Feeding,0,D,H,N
4,27,Control,18.2858,New Tagged,Passing,1254.965,S,M,N
4,27,Control,18.8155,New Tagged,Passing,6354.773,D,M,N
4,27,Control,20.1793,New tagged,Passing,1559.79,D,H,N
4,27,Control,21.0633,New tagged,Passing,591.116,D,H,N
4,28,Boat01 80-V,16.1542,New Tagged,Passing,889.289,D,L,N
4,28,Boat01 80-V,16.8268,New Tagged,Passing,1293.288,D,M,N
4,28,Boat01 80-V,17.9026,New Tagged,Passing,656.794,D,H,N
4,29,Control,4.4544,Unknown,Passing,2251.399,D,H,N
4,29,Control,10.8264,Unknown,Passing,2143.61,D,H,N
4,29,Control,11.2396,Unknown,Feeding,0,D,H,N
4,30,Boat01 80-V,13.5143,Old Tag,Passing,1767.976,D,M,N
4,30,Boat01 80-V,13.7715,Old Tag,Passing,1161.86,D,M,Y
4,30,Boat01 80-V,14.0507,Old Tag,Feeding,0,D,H,N
4,30,Boat01 80-V,14.3421,Old Tag,Passing,4363.428,D,H,Y
4,30,Boat01 80-V,14.5715,Old Tag,Feeding,0,D,H,N
4,31,Boat01 80-V,2.8531,Marlin,Feeding,0,S,H,N
4,31,Boat01 80-V,3.3942,Marlin,Passing,1531.117,D,H,N
4,31,Boat01 80-V,3.7173,Marlin,Passing,3445.465,S,H,N
4,31,Boat01 80-V,4.2662,Marlin,Passing,4042.46,D,H,N
4,32,Boat01 80-V,7.7844,Old Tag,Passing,2079.521,S,M,Y
4,32,Boat01 80-V,8.0669,Old Tag,Passing,3513.216,S,M,N
4,32,Boat01 80-V,8.2691,Old Tag,Passing,3207.376,S,H,N
4,32,Boat01 80-V,8.4871,Old Tag,Passing,2003.287,S,H,N
4,32,Boat01 80-V,8.7785,Old Tag,Passing,2679.173,S,H,N
4,32,Boat01 80-V,9.4497,Old Tag,Passing,4052.42,S,M,N
4,32,Boat01 80-V,9.8098,Old Tag,Passing,2695.835,S,M,N
4,32,Boat01 80-V,10.087,Old Tag,Passing,3584.877,S,M,N
4,32,Boat01 80-V,10.2322,Old Tag,Passing,3975.446,S,H,N
4,32,Boat01 80-V,10.4529,Old Tag,Passing,2800.321,S,H,N
4,32,Boat01 80-V,11.2346,Colleen,Passing,3567.92,D,H,N
4,32,Boat01 80-V,11.7139,Old Tag,Passing,2235.425,S,M,N
4,32,Boat01 80-V,11.92,Old Tag,Passing,2199.952,S,M,N
4,32,Boat01 80-V,12.1427,Old Tag,Passing,1000,S,H,N
4,32,Boat01 80-V,12.5993,Old Tag,Passing,1651.513,S,M,Y
4,32,Boat01 80-V,13.1526,Colleen,Passing,5236.797,D,L,N
4,32,Boat01 80-V,13.7134,Old Tag,Feeding,0,S,H,Y
4,32,Boat01 80-V,15.7065,Old Tag,Passing,2247.196,S,M,N
4,32,Boat01 80-V,16.3716,Old Tag,Passing,2716.827,S,M,N
4,32,Boat01 80-V,16.8913,Old Tag,Passing,3746.308,S,M,N
4,32,Boat01 80-V,19.3582,Old Tag,Passing,3267.167,D,M,N
4,32,Boat01 80-V,19.6324,Old Tag,Passing,3536.042,S,M,N
4,32,Boat01 80-V,20.1735,Old Tag,Passing,2688.148,S,M,N
4,32,Boat01 80-V,21.266,Old Tag,Passing,3670.916,S,M,N
4,32,Boat01 80-V,22.0623,Old Tag,Passing,4363.203,S,M,N
4,33,Control,25.1334,Old Tag,Passing,5292.248,S,L,N
4,33,Control,25.7246,Colleen,Passing,6163.939,S,L,N
4,33,Control,26.1951,Old Tag,Passing,3937.846,S,M,N
4,33,Control,26.4737,Old Tag,Passing,2138.796,S,M,N
4,33,Control,28.1309,Colleen,Passing,5134.017,D,M,N
4,33,Control,28.1309,Colleen,Passing,5819.01,D,M,N
4,33,Control,31.8343,Old Tag,Feeding,0,D,H,N
4,34,Boat01 80-V,1.6992,Old Tag,Passing,2814.267,S,M,N
4,34,Boat01 80-V,3.0973,Old Tag,Passing,4750.485,S,M,N
4,34,Boat01 80-V,4.3596,Old Tag,Passing,2495.744,S,M,N
4,34,Boat01 80-V,4.9611,Old Tag,Passing,3693.197,S,M,N
4,34,Boat01 80-V,5.7774,Old Tag,Passing,2002.098,S,M,N
4,34,Boat01 80-V,6.3516,Old Tag,Passing,3806.644,S,M,N
4,34,Boat01 80-V,6.5933,Old Tag,Passing,3545.868,S,M,N
4,34,Boat01 80-V,6.9806,Old Tag,Passing,4770.429,S,M,N
4,34,Boat01 80-V,7.7244,Old Tag,Passing,4002.663,S,M,N
4,34,Boat01 80-V,8.0255,Old Tag,Passing,1977.389,S,H,N
4,34,Boat01 80-V,8.3748,Old Tag,Passing,4526.791,S,M,N
4,34,Boat01 80-V,9.185,Old Tag,Passing,7794.502,S,L,N
4,34,Boat01 80-V,9.3229,Old Tag,Passing,2975.657,S,M,Y
4,34,Boat01 80-V,10.2786,Old Tag,Passing,1660.484,S,M,N
4,34,Boat01 80-V,11.0469,Old Tag,Passing,1855.464,S,H,Y
4,34,Boat01 80-V,11.5018,Old Tag,Passing,3663.765,S,H,N
4,34,Boat01 80-V,12.2236,Old Tag,Passing,4658.854,S,M,N
4,34,Boat01 80-V,12.7828,Old Tag,Passing,3918.246,S,M,N
4,34,Boat01 80-V,12.7828,Old Tag,Passing,5527.477,S,M,N
4,34,Boat01 80-V,13.1014,Old Tag,Passing,3215.872,S,M,N
4,34,Boat01 80-V,13.4331,Old Tag,Passing,5733.51,S,M,N
4,34,Boat01 80-V,13.6064,Old Tag,Passing,4169.489,S,M,N
4,34,Boat01 80-V,14.2515,Colleen,Passing,4386.959,D,M,N
4,34,Boat01 80-V,14.4528,Old Tag,Passing,2398.294,S,M,N
4,34,Boat01 80-V,15.6276,Old Tag,Passing,4078.073,S,M,N
4,34,Boat01 80-V,15.7905,Old Tag,Passing,1890.381,S,H,N
4,35,Control,31.9719,Old Tag,Passing,4403.531,D,M,N
4,35,Control,33.0917,Old Tag,Passing,1230.938,S,H,N
4,35,Control,33.6141,Old Tag,Passing,2582.708,S,M,N
4,36,Boat01 80-V,2.9349,Marlin,Passing,3251.413,S,M,N
4,36,Boat01 80-V,3.0697,Marlin,Passing,1231.372,S,M,N
4,36,Boat01 80-V,3.1885,Marlin,Feeding,0,S,H,N
4,36,Boat01 80-V,3.3344,Old Tag,Passing,3973.936,S,L,N
4,36,Boat01 80-V,3.575,Marlin,Passing,2271.74,S,M,N
4,36,Boat01 80-V,4.5445,Marlin,Feeding,0,D,H,N
4,37,Boat01 80-V,6.7,Marlin,Passing,1780.942,S,M,N
4,37,Boat01 80-V,7.8117,Marlin,Passing,1223.446,S,M,N
4,37,Boat01 80-V,8.5118,Old Tag,Passing,7315.447,D,L,N
4,37,Boat01 80-V,9.1489,Marlin,Passing,2361.957,S,M,N
4,37,Boat01 80-V,9.7306,Marlin,Passing,3143.692,S,H,Y
4,38,Control,20.5002,Old Tag,Passing,2968.82,D,M,N
4,38,Control,21.3983,Old Tag,Passing,3727.441,D,M,N
4,38,Control,21.7818,Old Tag,Feeding,0,S,H,Y
4,39,Control,2.1652,Marlin,Passing,3322.495,D,M,N
4,39,Control,3.2925,Marlin,Passing,2824.865,V,M,N
4,39,Control,3.8497,Marlin,Passing,1534.002,D,M,N
4,39,Control,4.8162,Marlin,Passing,4737.355,D,M,N
4,39,Control,5.8428,Old Tag,Passing,1995.66,D,M,N
4,40,Boat01 80-V,1.7595,Unknown,Passing,1653.834,D,M,N
4,40,Boat01 80-V,2.4441,Marlin,Passing,2764.748,D,M,N
4,40,Boat01 80-V,2.6176,Marlin,Feeding,0,D,H,N
4,40,Boat01 80-V,3.0339,Marlin,Passing,5399.582,S,L,N
4,40,Boat01 80-V,3.3133,Marlin,Feeding,0,D,H,N
4,41,Boat01 80-V,7.032,Marlin,Passing,2280.866,D,M,N
4,41,Boat01 80-V,7.304,Marlin,Passing,1738.577,D,M,N
4,41,Boat01 80-V,7.6234,Marlin,Passing,1871.371,D,M,N
4,41,Boat01 80-V,8.6767,Unknown,Passing,3495.702,V,M,N
4,41,Boat01 80-V,9.2312,Marlin,Passing,1866.713,S,M,N
4,41,Boat01 80-V,9.9213,Marlin,Passing,1269.482,D,M,N
4,41,Boat01 80-V,10.1396,Marlin,Feeding,0,S,H,N
4,41,Boat01 80-V,10.3637,Marlin,Feeding,0,S,H,N
4,42,Control,14.9591,Marlin,Passing,2078.224,D,M,N
4,42,Control,17.5951,Marlin,Feeding,0,D,H,N
4,42,Control,19.0696,Old Tag,Passing,2650.241,D,M,N
4,42,Control,19.6502,Old Tag,Passing,4200.325,D,M,N
4,42,Control,20.3984,Old Tag,Passing,5591.906,D,M,N
4,42,Control,22.4366,Old Tag,Feeding,0,V,H,N
4,43,Boat01 80-V,13.7245,Marlin,Passing,11601.652,S,M,N
4,43,Boat01 80-V,13.8694,Marlin,Feeding,0,S,H,N
4,44,Boat01 80-V,41.4208,Maeve,Feeding,0,D,H,N
4,44,Boat01 80-V,41.7384,Maeve,Passing,2171.235,D,M,N
4,44,Boat01 80-V,42.002,Maeve,Passing,2731.188,D,M,N
4,44,Boat01 80-V,42.2514,Maeve,Passing,2438.368,D,M,N
4,44,Boat01 80-V,42.6084,Maeve,Passing,9744.665,D,M,N
4,44,Boat01 80-V,43.7312,Maeve,Passing,1503.257,D,H,N
4,44,Boat01 80-V,43.9461,Maeve,Passing,1046.648,D,M,N
4,44,Boat01 80-V,44.4892,Maeve,Feeding,0,S,H,N
4,45,Control,5.6504,Maeve,Feeding,0,S,H,N
4,46,Boat01 80-V,5.704,Old Tag,Feeding,0,S,H,N
4,46,Boat01 80-V,6.1292,Old Tag,Passing,2411.22,S,M,N
4,46,Boat01 80-V,12.022,Old Tag,Passing,7223.637,D,M,N
4,46,Boat01 80-V,12.8673,Old Tag,Passing,1137.303,D,M,N
4,46,Boat01 80-V,14.5837,Maeve,Passing,5995.529,S,M,N
4,47,Control,7.3982,Old Tag,Feeding,0,D,H,N
4,48,Control,12.6318,Old Tag,Passing,1895.705,S,M,N
4,48,Control,13.459,Old Tag,Passing,1811.001,S,M,N
4,48,Control,17.1363,Old Tag,Passing,6029.805,S,M,N
4,48,Control,18.5855,Old Tag,Passing,1519.579,S,M,N
4,48,Control,20.4568,Old Tag,Passing,7820.023,S,M,N
4,48,Control,21.333,Unknown,Passing,7225.728,D,M,N
4,48,Control,22.1151,Unknown,Passing,7026.129,D,M,N
4,49,Control,15.1412,New Tagged,Feeding,0,D,H,N
4,50,Boat01 80-V,22.5928,New Tagged,Passing,1938.967,D,M,N
4,50,Boat01 80-V,23.9336,New Tagged,Passing,1906.388,D,M,N
4,50,Boat01 80-V,25.4988,New Tagged,Passing,3681.172,D,M,N
4,51,Control,8.6158,Scar Face,Passing,1845.115,S,M,N
4,51,Control,11.2835,Scar Face,Passing,3197.027,D,M,N
4,51,Control,12.8823,Scar Face,Feeding,0,V,H,N
4,52,Boat01 80-V,12.4271,Flat Top,Passing,3572.883,D,M,N
4,52,Boat01 80-V,17.5834,Unknown,Passing,3365.884,D,M,N
4,52,Boat01 80-V,18.5355,Clippy,Passing,1850.543,D,H,N
4,53,Control,4.6235,New Tagged,Passing,2978.428,D,M,N
4,53,Control,6.4056,New Tagged,Passing,1895.679,V,H,N
4,53,Control,8.345,New Tagged,Feeding,0,D,H,N
4,54,Control,3.1776,Clippy,Passing,2777.138,S,H,N
4,54,Control,3.3648,Clippy,Feeding,0,S,H,N
4,54,Control,3.5569,Clippy,Passing,858.767,D,H,N
4,54,Control,4.1892,Clippy,Passing,1564.575,V,H,N
4,54,Control,5.5547,Clippy,Passing,1641.986,D,H,N
4,54,Control,8.2638,Clippy,Feeding,0,D,H,N
4,55,Control,7.6615,Clippy,Passing,3665.035,D,M,N
4,55,Control,8.9526,Clippy,Feeding,0,D,H,N
4,56,Boat01 80-V,12.0039,Marlin,Passing,4254.847,D,M,N
4,56,Boat01 80-V,12.1307,Clippy,Passing,2162.853,D,M,N
4,56,Boat01 80-V,13.5168,Clippy,Passing,2887.694,D,M,N
4,56,Boat01 80-V,13.9487,Marlin,Passing,1952.084,D,M,N
4,56,Boat01 80-V,15.6851,Marlin,Passing,2392.046,D,M,N
4,56,Boat01 80-V,15.7972,Marlin,Passing,733.165,D,H,Y
4,57,Control,17.5069,Marlin,Passing,1573.379,D,H,Y
4,57,Control,17.8025,Marlin,Passing,895.849,D,H,N
4,57,Control,17.8025,Marlin,Feeding,0,D,H,N
4,58,Control,6.9322,Staple,Passing,3110.206,D,M,N
4,58,Control,7.4263,Scar Face,Passing,1889.714,D,M,N
4,58,Control,8.0475,Staple,Feeding,0,S,H,N
4,58,Control,8.5591,Scar Face,Passing,3373.011,D,M,N
4,58,Control,8.6881,Staple,Feeding,0,V,H,N
4,59,Boat01 80-V,12.7436,Staple,Passing,3857.673,D,M,N
4,59,Boat01 80-V,13.0489,Staple,Passing,2445.359,D,M,N
4,59,Boat01 80-V,13.1395,Staple,Passing,1242.465,D,M,Y
4,59,Boat01 80-V,13.6606,Staple,Passing,2143.696,D,H,N
4,59,Boat01 80-V,13.7918,Staple,Passing,2397.082,D,H,N
4,59,Boat01 80-V,14.3796,Staple,Passing,4654.251,S,M,N
4,59,Boat01 80-V,14.7589,Staple,Passing,3022.581,S,M,N
4,59,Boat01 80-V,14.8938,Staple,Passing,2808.185,S,M,N
4,59,Boat01 80-V,15.6579,Unknown,Passing,3483.971,D,M,N
4,59,Boat01 80-V,16.0318,Staple,Passing,2240.678,D,M,N
4,59,Boat01 80-V,16.6811,Staple,Passing,1024.972,D,M,Y
4,59,Boat01 80-V,17.5517,Staple,Passing,1913.128,D,H,Y
4,59,Boat01 80-V,17.5517,Staple,Passing,1899.364,D,H,Y
4,59,Boat01 80-V,18.3695,Staple,Passing,2296.734,D,M,N
4,59,Boat01 80-V,19.0526,Staple,Passing,1518.921,D,M,N
4,59,Boat01 80-V,19.168,Clippy,Feeding,0,D,H,N
4,59,Boat01 80-V,20.226,Staple,Passing,4137.267,D,M,N
4,59,Boat01 80-V,20.625,Staple,Passing,2618.941,D,M,N
4,59,Boat01 80-V,21.1255,Staple,Passing,1250.501,D,M,Y
4,59,Boat01 80-V,22.4761,Staple,Passing,3263.884,D,M,N
4,59,Boat01 80-V,22.4811,Staple,Passing,3897.471,D,M,N
4,59,Boat01 80-V,22.4811,Staple,Passing,4317.177,D,M,N
4,59,Boat01 80-V,22.8998,Clippy,Passing,3904.088,D,M,N
4,59,Boat01 80-V,23.1776,Staple,Passing,5186.714,D,M,N
4,59,Boat01 80-V,23.5644,Staple,Passing,5104.258,D,M,N
4,59,Boat01 80-V,23.9245,Clippy,Passing,5119.765,D,M,N
4,59,Boat01 80-V,24.0157,Staple,Passing,4920.818,D,M,N
4,59,Boat01 80-V,24.1772,Clippy,Passing,2357.544,D,H,N
4,59,Boat01 80-V,24.3393,Clippy,Passing,2690.771,D,H,N
4,59,Boat01 80-V,24.6591,Clippy,Passing,2445.348,D,H,N
4,59,Boat01 80-V,24.99,Staple,Passing,3979.51,S,M,N
4,59,Boat01 80-V,25.216,Staple,Passing,1428.579,S,H,Y
4,59,Boat01 80-V,25.4082,Staple,Passing,1618.741,S,H,N
4,59,Boat01 80-V,26.1731,Staple,Passing,2791.456,D,M,N
4,59,Boat01 80-V,26.3224,Staple,Passing,2338.806,D,M,Y
4,59,Boat01 80-V,27.1569,Staple,Passing,5015.738,D,M,N
4,60,Boat01 80-V,32.7341,Staple,Passing,2945.436,D,M,N
4,60,Boat01 80-V,33.4537,Staple,Feeding,0,S,H,N
4,60,Boat01 80-V,33.8369,Staple,Feeding,0,S,H,N
4,61,Control,38.0177,Staple,Passing,1675.367,D,M,N
4,61,Control,38.5688,Staple,Passing,4342.631,D,M,N
4,61,Control,40.1404,Staple,Passing,3688.456,D,M,N
4,61,Control,42.6103,Staple,Passing,1274.588,D,M,N
4,61,Control,44.1552,Staple,Passing,2517.897,D,M,N
4,61,Control,45.0303,Staple,Passing,5353.766,D,M,N
4,61,Control,45.7243,Staple,Passing,4105.388,D,M,N
4,61,Control,45.9301,Staple,Passing,2859.572,D,M,N
4,61,Control,46.854,Staple,Passing,2994.303,D,M,N
4,61,Control,49.5631,Staple,Passing,1228.272,V,H,N
4,61,Control,49.6607,Staple,Passing,2179.629,S,H,N
4,61,Control,49.9763,Staple,Feeding,0,V,H,N
4,62,Boat01 80-V,52.2494,Staple,Passing,2276.98,S,H,N
4,62,Boat01 80-V,52.4074,Staple,Passing,1155.193,S,H,N
4,62,Boat01 80-V,53.1798,Unknown,Passing,5446.403,D,M,N
4,62,Boat01 80-V,53.474,Staple,Passing,2037.455,D,M,N
4,62,Boat01 80-V,53.9645,Staple,Passing,2449.27,D,H,N
4,62,Boat01 80-V,56.361,Unknown,Passing,4715.858,D,M,N
4,62,Boat01 80-V,56.4656,Unknown,Passing,4981.407,D,M,N
4,62,Boat01 80-V,57.0278,Staple,Passing,2949.286,D,M,N
4,62,Boat01 80-V,57.2236,Staple,Feeding,0,S,H,N
4,63,Control,62.674,Clippy,Passing,2015.358,D,M,N
4,63,Control,63.0135,Clippy,Feeding,0,S,H,N
4,64,Boat01 80-V,70.8258,Unknown,Passing,6046.291,D,M,N
4,64,Boat01 80-V,71.168,Staple,Passing,2121.407,D,M,N
4,64,Boat01 80-V,72.4785,Staple,Passing,3177.988,D,M,N