Date,Unique trial code,Original trial,trip,trial,det,Left camera,Right camera,Camera,Card Left,Card Right,Time start,Time app,App#,Pass#,ID,dist,reaction,App Direction,Time bait,Comments,Discard?
13/2/20,1f,1,2,1,Control,?,?,?,39,40,9:43,,1,1,Elfie,2,N,,,Touched float,
13/2/20,2f,2,2,2,Control,?,?,?,39,40,,,2,1,Elfie,0.5,Y,,,Reaction,
13/2/20,,2,2,2,Control,?,?,?,39,40,,,3,1,Elfie,20,N,,,,
13/2/20,,2,2,2,Control,?,?,?,39,40,,,3,2,Elfie,20,N,,,,
13/2/20,,2,2,2,Control,?,?,?,39,40,,,4,1,Elfie,15,N,D,,,
13/2/20,,2,2,2,Control,?,?,?,39,40,,,5,1,Elfie,1.5,Y,,,Reaction,
13/2/20,,2,2,2,Control,?,?,?,39,40,,,5,2,Elfie,1.5,Y,,,Reaction,
13/2/20,,2,2,2,Control,?,?,?,39,40,,,1,1,Old tag,3,N,,,Old tag different shark to April trip (presumably). Pec touch black.,
13/2/20,,2,2,2,Control,?,?,?,39,40,,,6,1,Old tag,0.5,N,,,,
13/2/20,,2,2,2,Control,?,?,?,39,40,,,6,2,Old tag,0,N,,10:00,Bait taken,
13/2/20,3f,3b,2,3,Boat01,?,?,?,39,40,3:29,,1,1,Tommy,30,N,,,,
13/2/20,,3b,2,3,Boat01,?,?,?,39,40,,,2,1,Tommy,18,N,,,,
13/2/20,,3b,2,3,Boat01,?,?,?,39,40,,,3,1,Tommy,5,N,,,,
13/2/20,,3b,2,3,Boat01,?,?,?,39,40,,,3,2,Tommy,5,N,,,,
13/2/20,,3b,2,3,Boat01,?,?,?,39,40,,,3,3,Tommy,5,N,,,,
13/2/20,,3b,2,3,Boat01,?,?,?,39,40,,,4,1,Tommy,5,N,,,,
13/2/20,,3b,2,3,Boat01,?,?,?,39,40,,,4,2,Tommy,2,N,D,,,
25/3/20,1m,1,3,4,Boat01,?,?,?,44,43,,,1,1,Small,10,N,,,Different shark. Small.,
25/3/20,,1,3,4,Boat01,?,?,?,44,43,2:30,,1,1,White Spot,1,Y,,,Shark with white spot nose and mark on head. Female. Reaction?,
25/3/20,,1,3,4,Boat01,?,?,?,44,43,,,2,1,White Spot,3,N,,,,
25/3/20,,1,3,4,Boat01,?,?,?,44,43,,,2,2,White Spot,4,N,,,,
25/3/20,,1,3,4,Boat01,?,?,?,44,43,,,3,1,White Spot,10,N,,,,
25/3/20,,1,3,4,Boat01,?,?,?,44,43,,,4,1,White Spot,4,N,,,,
25/3/20,,1,3,4,Boat01,?,?,?,44,43,,,4,2,White Spot,10,N,,,,
25/3/20,,1,3,4,Boat01,?,?,?,44,43,,,4,3,White Spot,4,N,,,,
25/3/20,2m,2,3,5,Control,?,?,?,44,43,3:20,,1,1,White Spot,10,N,D,,,
25/3/20,,2,3,5,Control,?,?,?,44,43,,,2,1,White Spot,15,N,,,,
25/3/20,3m,3,3,6,Control,?,?,?,44,43,,,1,1,Small,8,N,,,,
25/3/20,,3,3,6,Control,?,?,?,44,43,,,2,1,Small,12,N,,,,
25/3/20,,3,3,6,Control,?,?,?,44,43,,,2,2,Small,5,N,,,,
25/3/20,,3,3,6,Control,?,?,?,44,43,,,2,3,Small,3,N,,,,
25/3/20,,3,3,6,Control,?,?,?,44,43,,,3,1,Small,4,N,,,,
25/3/20,,3,3,6,Control,?,?,?,44,43,3:45,,1,1,White Spot,20,N,,,,
25/3/20,,3,3,6,Control,?,?,?,44,43,,,2,1,White Spot,0,N,,,Touch,
25/3/20,3m,4,3,7,Boat01,?,?,?,44,43,4:20,,1,1,Flat Top,15,N,,,Flat Dorsal Fin,
25/3/20,,4,3,7,Boat01,?,?,?,44,43,,,1,2,Flat Top,10,N,,,,
25/3/20,5m,5,3,8,Boat01,?,?,?,44,43,4:52,,1,1,Flat Top,3,N,,,Fast approach,
26/3/20,6m,6,3,9,Control,?,?,?,44,43,11:39,,1,1,Shark 4,10,N,,,,
26/3/20,,6,3,9,Control,?,?,?,44,43,,,1,2,Shark 4,15,N,,,,
26/3/20,,6,3,9,Control,?,?,?,44,43,,,2,1,Shark 4,5,N,,,,
26/3/20,,6,3,9,Control,?,?,?,44,43,,,1,1,White Spot,40,N,,,Possible a different shark?,
26/3/20,,6,3,9,Control,?,?,?,44,43,,,2,1,White Spot,25,N,,,,
26/3/20,,6,3,9,Control,?,?,?,44,43,,,2,2,White Spot,2,Y,,,Reaction,
26/3/20,7m,7,3,10,Control,?,?,?,44,43,,,1,1,Flat Top,5,N,,,,
26/3/20,,7,3,10,Control,?,?,?,44,43,12:00,,1,1,Shark 4,10,N,,,,
26/3/20,,7,3,10,Control,?,?,?,44,43,,,2,1,Shark 4,2,N,,,,
26/3/20,,7,3,10,Control,?,?,?,44,43,,,2,2,Shark 4,5,N,,,,
26/3/20,,7,3,10,Control,?,?,?,44,43,,,2,3,Shark 4,15,N,,,,
26/3/20,,7,3,10,Control,?,?,?,44,43,,,3,1,Shark 4,5,N,,,,
26/3/20,,7,3,10,Control,?,?,?,44,43,,,3,2,Shark 4,10,N,,,,
26/3/20,,7,3,10,Control,?,?,?,44,43,,,3,3,Shark 4,5,N,,,,
26/3/20,,7,3,10,Control,?,?,?,44,43,,,3,4,Shark 4,5,N,,,Hanging around the back,
26/3/20,,7,3,10,Control,?,?,?,44,43,,,3,5,Shark 4,6,N,,,,
26/3/20,,7,3,10,Control,?,?,?,44,43,,,3,6,Shark 4,10,N,,,,
26/3/20,,7,3,10,Control,?,?,?,44,43,,,3,7,Shark 4,10,N,,,,
26/3/20,,7,3,10,Control,?,?,?,44,43,,,4,1,Shark 4,15,N,,,,
26/3/20,,7,3,10,Control,?,?,?,44,43,,,1,1,Small,10,N,,,,
26/3/20,,7,3,10,Control,?,?,?,44,43,,,1,2,Small,20,N,,,,
26/3/20,,7,3,10,Control,?,?,?,44,43,,,2,1,Small,10,N,,,,
26/3/20,8m,8,3,11,Boat01,?,?,?,44,43,,,1,1,Flat Top,15,N,D,,,
26/3/20,,8,3,11,Boat01,?,?,?,44,43,,,1,1,Shark 4,6,N,,,,
26/3/20,,8,3,11,Boat01,?,?,?,44,43,,,1,2,Shark 4,10,N,,,,
26/3/20,,8,3,11,Boat01,?,?,?,44,43,,,1,1,Small,20,N,,,,
26/3/20,,8,3,11,Boat01,?,?,?,44,43,,,2,1,Small,2,Y,,,Reaction. Touch float.,
26/3/20,,8,3,11,Boat01,?,?,?,44,43,,,3,1,Small,2,N,,,Touch rope,
26/3/20,,8,3,11,Boat01,?,?,?,44,43,,,4,1,Small,15,N,,,,
26/3/20,,8,3,11,Boat01,?,?,?,44,43,,,4,2,Small,5,N,,,,
26/3/20,,8,3,11,Boat01,?,?,?,44,43,,,4,3,Small,3,N,,,,
26/3/20,,8,3,11,Boat01,?,?,?,44,43,,,4,4,Small,5,N,,,,
26/3/20,,8,3,11,Boat01,?,?,?,44,43,,,4,5,Small,5,Y,,,Reaction,
26/3/20,,8,3,11,Boat01,?,?,?,44,43,,,4,6,Small,2,N,,,Touch rope,
26/3/20,,8,3,11,Boat01,?,?,?,44,43,,,4,7,Small,6,N,,,,
26/3/20,,8,3,11,Boat01,?,?,?,44,43,,,4,8,Small,6,N,,,,
26/3/20,,8,3,11,Boat01,?,?,?,44,43,,,4,9,Small,5,N,,,,
26/3/20,,8,3,11,Boat01,?,?,?,44,43,,,4,10,Small,15,N,,,,
26/3/20,,8,3,11,Boat01,?,?,?,44,43,,,4,11,Small,20,N,,,,
26/3/20,,8,3,11,Boat01,?,?,?,44,43,,,5,1,Small,5,N,,,,
26/3/20,,8,3,11,Boat01,?,?,?,44,43,,,5,2,Small,25,N,D,,,
26/3/20,,8,3,11,Boat01,?,?,?,44,43,,,6,1,Small,10,N,,,,
26/3/20,9m,9,3,12,Control,?,?,?,44,43,,,1,1,Flat Top,5,N,D,,,
26/3/20,,9,3,12,Control,?,?,?,44,43,12:42,,1,1,Scratchy,12,N,,,,
26/3/20,,9,3,12,Control,?,?,?,44,43,,,2,1,Scratchy,3,N,,,,
26/3/20,,9,3,12,Control,?,?,?,44,43,,,1,1,Shark 4,15,N,,,,
26/3/20,,9,3,12,Control,?,?,?,44,43,,,2,1,Shark 4,15,N,,,,
26/3/20,,9,3,12,Control,?,?,?,44,43,,,2,2,Shark 4,25,N,,,,
26/3/20,,9,3,12,Control,?,?,?,44,43,,,2,3,Shark 4,3,N,,,,
26/3/20,,9,3,12,Control,?,?,?,44,43,,,2,4,Shark 4,4,N,,,,
26/3/20,,9,3,12,Control,?,?,?,44,43,,,3,1,Shark 4,10,N,,,,
26/3/20,,9,3,12,Control,?,?,?,44,43,,,1,1,Small,4,N,,,,
26/3/20,,9,3,12,Control,?,?,?,44,43,,,1,2,Small,2,N,,,,
26/3/20,,9,3,12,Control,?,?,?,44,43,,,2,1,Small,7,N,,,,
26/3/20,,9,3,12,Control,?,?,?,44,43,,,2,2,Small,15,N,,,,
26/3/20,10m,10,3,13,Boat01,?,?,?,44,43,1:33,,1,1,Itchy,4,N,,,,
26/3/20,,10,3,13,Boat01,?,?,?,44,43,,,1,2,Itchy,6,N,,,,
26/3/20,,10,3,13,Boat01,?,?,?,44,43,,,1,3,Itchy,20,N,,,,
26/3/20,,10,3,13,Boat01,?,?,?,44,43,,,1,4,Itchy,3,N,S,,,
26/3/20,,10,3,13,Boat01,?,?,?,44,43,,,2,1,Itchy,7,N,,,,
26/3/20,,10,3,13,Boat01,?,?,?,44,43,,,2,2,Itchy,2,N,,,,
26/3/20,,10,3,13,Boat01,?,?,?,44,43,,,2,3,Itchy,3,N,,,,
26/3/20,,10,3,13,Boat01,?,?,?,44,43,,,2,4,Itchy,1,N,,,,
26/3/20,,10,3,13,Boat01,?,?,?,44,43,,,3,1,Itchy,3,N,,,,
26/3/20,,10,3,13,Boat01,?,?,?,44,43,,,4,1,Itchy,8,N,,,,
26/3/20,,10,3,13,Boat01,?,?,?,44,43,,,4,2,Itchy,6,N,,,,
26/3/20,,10,3,13,Boat01,?,?,?,44,43,,,5,1,Itchy,6,N,,,,
26/3/20,,10,3,13,Boat01,?,?,?,44,43,,,5,2,Itchy,7,N,,,,
26/3/20,,10,3,13,Boat01,?,?,?,44,43,,,6,1,Itchy,17,N,,,,
26/3/20,,10,3,13,Boat01,?,?,?,44,43,,,7,1,Itchy,3,N,,,,
26/3/20,,10,3,13,Boat01,?,?,?,44,43,,,8,1,Itchy,15,N,,,,
26/3/20,,10,3,13,Boat01,?,?,?,44,43,,,1,1,New ,4,N,,,"New shark, chased itchy",
26/3/20,,10,3,13,Boat01,?,?,?,44,43,,,2,1,New ,25,N,,,Following Itchy,
26/3/20,,10,3,13,Boat01,?,?,?,44,43,,,2,2,New ,18,N,,,,
26/3/20,,10,3,13,Boat01,?,?,?,44,43,,,3,1,New ,15,N,,,,
26/3/20,,10,3,13,Boat01,?,?,?,44,43,,,3,2,New ,9,N,,,,
26/3/20,,10,3,13,Boat01,?,?,?,44,43,,,4,1,New ,5,N,,,,
26/3/20,,10,3,13,Boat01,?,?,?,44,43,,,4,2,New ,5,N,,,,
26/3/20,,10,3,13,Boat01,?,?,?,44,43,,,5,1,New ,8,N,,,,
26/3/20,,10,3,13,Boat01,?,?,?,44,43,,,5,2,New ,4,N,,,,
26/3/20,,10,3,13,Boat01,?,?,?,44,43,,,5,3,New ,1,Y,,,Reaction,
26/3/20,,10,3,13,Boat01,?,?,?,44,43,,,1,1,Scratchy,3,N,,,,
26/3/20,,10,3,13,Boat01,?,?,?,44,43,,,1,2,Scratchy,9,N,,,,
26/3/20,,10,3,13,Boat01,?,?,?,44,43,,,2,1,Scratchy,15,N,,,,
26/3/20,11m,11,3,14,Control,?,?,?,45,37,3:07,,1,1,Itchy,10,N,,,,
26/3/20,,11,3,14,Control,?,?,?,45,37,,,1,2,Itchy,1,N,,,Touched float,
26/3/20,,11,3,14,Control,?,?,?,45,37,,,1,3,Itchy,3,N,,,,
26/3/20,,11,3,14,Control,?,?,?,45,37,,,1,4,Itchy,3,N,,,,
26/3/20,,11,3,14,Control,?,?,?,45,37,,,1,5,Itchy,5,N,,,,
26/3/20,,11,3,14,Control,?,?,?,45,37,,,2,1,Itchy,6,N,,,,
26/3/20,,11,3,14,Control,?,?,?,45,37,,,3,1,Itchy,8,N,,,,
26/3/20,,11,3,14,Control,?,?,?,45,37,,,3,2,Itchy,3,N,,,,
26/3/20,,11,3,14,Control,?,?,?,45,37,,,3,3,Itchy,5,N,,,,
26/3/20,,11,3,14,Control,?,?,?,45,37,,,3,4,Itchy,10,N,,,,
26/3/20,,11,3,14,Control,?,?,?,45,37,,,3,5,Itchy,1,Y,,,Reaction,
26/3/20,,11,3,14,Control,?,?,?,45,37,,,3,6,Itchy,3,N,,,,
26/3/20,,11,3,14,Control,?,?,?,45,37,,,3,7,Itchy,7,N,,,,
26/3/20,,11,3,14,Control,?,?,?,45,37,,,3,8,Itchy,1.5,N,,,,
26/3/20,,11,3,14,Control,?,?,?,45,37,,,3,9,Itchy,2.5,N,,,,
26/3/20,,11,3,14,Control,?,?,?,45,37,,,4,1,Itchy,15,N,,,,
26/3/20,,11,3,14,Control,?,?,?,45,37,,,4,2,Itchy,4,N,,,,
26/3/20,,11,3,14,Control,?,?,?,45,37,,,5,1,Itchy,5,N,,,,
26/3/20,,11,3,14,Control,?,?,?,45,37,,,5,2,Itchy,2,N,,,,
26/3/20,,11,3,14,Control,?,?,?,45,37,,,6,1,Itchy,1,N,,,,
26/3/20,,11,3,14,Control,?,?,?,45,37,,,6,2,Itchy,7,N,,,,
26/3/20,,11,3,14,Control,?,?,?,45,37,,,1,1,Unknown,1,N,,,,
26/3/20,,11,3,14,Control,?,?,?,45,37,,,1,2,Unknown,1,N,,,,
26/3/20,,11,3,14,Control,?,?,?,45,37,,,2,1,Unknown,1,N,,,Swam into cable,
26/3/20,,11,3,14,Control,?,?,?,45,37,,,3,1,Unknown,6,N,D,,,
26/3/20,12m,12,3,15,Boat01,?,?,?,45,37,3:27,,1,1,Itchy,12,N,,,,
26/3/20,,12,3,15,Boat01,?,?,?,45,37,,,1,2,Itchy,1.5,N,,,No reaction,
26/3/20,,12,3,15,Boat01,?,?,?,45,37,,,1,3,Itchy,2.5,Y,,,Unknown reaction,
26/3/20,,12,3,15,Boat01,?,?,?,45,37,,,2,1,Itchy,2.5,N,,,,
26/3/20,,12,3,15,Boat01,?,?,?,45,37,,,2,2,Itchy,1,N,,,,
26/3/20,,12,3,15,Boat01,?,?,?,45,37,,,2,3,Itchy,10,N,,,,
26/3/20,,12,3,15,Boat01,?,?,?,45,37,,,3,1,Itchy,4,N,,,,
26/3/20,,12,3,15,Boat01,?,?,?,45,37,,,4,1,Itchy,4.5,N,,,,
26/3/20,,12,3,15,Boat01,?,?,?,45,37,,,5,1,Itchy,3,N,,,,
26/3/20,,12,3,15,Boat01,?,?,?,45,37,,,5,2,Itchy,2,N,,,,
26/3/20,,12,3,15,Boat01,?,?,?,45,37,,,5,3,Itchy,3.5,N,,,,
26/3/20,,12,3,15,Boat01,?,?,?,45,37,,,5,4,Itchy,1.5,N,,,,
26/3/20,,12,3,15,Boat01,?,?,?,45,37,,,6,1,Itchy,9,N,,,,
26/3/20,,12,3,15,Boat01,?,?,?,45,37,,,7,1,Itchy,2.5,N,,,,
26/3/20,,12,3,15,Boat01,?,?,?,45,37,,,7,2,Itchy,1.5,N,,,,
26/3/20,,12,3,15,Boat01,?,?,?,45,37,,,7,3,Itchy,6,N,,,,
26/3/20,,12,3,15,Boat01,?,?,?,45,37,,,7,4,Itchy,2,N,,,,
26/3/20,,12,3,15,Boat01,?,?,?,45,37,,,1,1,Unknown,5,N,,,,
26/3/20,13m,13,3,16,Control,?,?,?,45,37,3:50,,1,1,Itchy,1,N,,,Touched line,
26/3/20,,13,3,16,Control,?,?,?,45,37,,,1,2,Itchy,0.5,N,,,Touched line,
26/3/20,,13,3,16,Control,?,?,?,45,37,,,2,1,Itchy,3,N,,,,
26/3/20,,13,3,16,Control,?,?,?,45,37,,,2,2,Itchy,2,N,,,,
26/3/20,,13,3,16,Control,?,?,?,45,37,,,2,3,Itchy,3,N,,,,
26/3/20,,13,3,16,Control,?,?,?,45,37,,,2,4,Itchy,1.5,N,,,,
26/3/20,,13,3,16,Control,?,?,?,45,37,,,2,5,Itchy,2,N,,,,
26/3/20,,13,3,16,Control,?,?,?,45,37,,,2,6,Itchy,1.5,N,,,,
26/3/20,,13,3,16,Control,?,?,?,45,37,,,3,1,Itchy,2.5,N,,,,
26/3/20,,13,3,16,Control,?,?,?,45,37,,,3,2,Itchy,1.5,N,,,,
26/3/20,,13,3,16,Control,?,?,?,45,37,,,4,1,Itchy,3,N,,,,
26/3/20,,13,3,16,Control,?,?,?,45,37,,,4,2,Itchy,,N,,,,
26/3/20,,13,3,16,Control,?,?,?,45,37,,,5,1,Itchy,3,N,,,,
26/3/20,,13,3,16,Control,?,?,?,45,37,,,5,2,Itchy,1,N,,,,
26/3/20,,13,3,16,Control,?,?,?,45,37,,,6,1,Itchy,1.5,N,,,,
26/3/20,,13,3,16,Control,?,?,?,45,37,,,7,1,Itchy,2.5,N,,,,
26/3/20,,13,3,16,Control,?,?,?,45,37,,,8,1,Itchy,10,N,,,,
26/3/20,,13,3,16,Control,?,?,?,45,37,,,9,1,Itchy,4,N,,,,
26/3/20,,13,3,16,Control,?,?,?,45,37,,,10,1,Itchy,3,N,,,,
26/3/20,,13,3,16,Control,?,?,?,45,37,,,10,2,Itchy,5,N,,,,
26/3/20,,13,3,16,Control,?,?,?,45,37,,,11,1,Itchy,0.5,N,,,,
26/3/20,,13,3,16,Control,?,?,?,45,37,,,11,2,Itchy,0.5,N,,,,
26/3/20,,13,3,16,Control,?,?,?,45,37,,,1,1,Unknown,5,N,D,,,
26/3/20,,13,3,16,Control,?,?,?,45,37,,,2,1,Unknown,10,N,,,,
26/3/20,,13,3,16,Control,?,?,?,45,37,,,2,2,Unknown,0.5,N,,,,
26/3/20,,13,3,16,Control,?,?,?,45,37,,,2,3,Unknown,1.5,N,,,Nudged float,
26/3/20,,13,3,16,Control,?,?,?,45,37,,,2,4,Unknown,2,N,,,Nudged float,
26/3/20,,13,3,16,Control,?,?,?,45,37,,,2,5,Unknown,2,N,,,Grabbed rope bottom,
26/3/20,14m,14,3,17,Boat01,?,?,?,45,37,4:12,,1,1,Itchy,2,N,,,,
26/3/20,,14,3,17,Boat01,?,?,?,45,37,,,1,2,Itchy,2,N,,,,
26/3/20,,14,3,17,Boat01,?,?,?,45,37,,,1,3,Itchy,4,N,,,,
26/3/20,,14,3,17,Boat01,?,?,?,45,37,,,2,1,Itchy,5,N,,,,
26/3/20,,14,3,17,Boat01,?,?,?,45,37,,,3,1,Itchy,3,N,,,,
26/3/20,,14,3,17,Boat01,?,?,?,45,37,,,3,2,Itchy,1,N,,,,
26/3/20,,14,3,17,Boat01,?,?,?,45,37,,,3,3,Itchy,2,N,,,,
26/3/20,,14,3,17,Boat01,?,?,?,45,37,,,3,4,Itchy,2,N,,,Touched rope,
26/3/20,,14,3,17,Boat01,?,?,?,45,37,,,3,5,Itchy,0.5,N,,,,
26/3/20,,14,3,17,Boat01,?,?,?,45,37,,,4,1,Itchy,10,N,,,,
26/3/20,,14,3,17,Boat01,?,?,?,45,37,,,5,1,Itchy,1.5,N,,,Touched rope,
26/3/20,,14,3,17,Boat01,?,?,?,45,37,,,6,1,Itchy,5,N,,,,
26/3/20,,14,3,17,Boat01,?,?,?,45,37,,,7,1,Itchy,7,N,,,,
26/3/20,,14,3,17,Boat01,?,?,?,45,37,,,7,1,Itchy,6,N,,,,
26/3/20,,14,3,17,Boat01,?,?,?,45,37,,,7,2,Itchy,1,N,,,,
26/3/20,,14,3,17,Boat01,?,?,?,45,37,,,8,1,Itchy,4,N,,,,
26/3/20,,14,3,17,Boat01,?,?,?,45,37,,,9,1,Itchy,6,N,,,,
26/3/20,,14,3,17,Boat01,?,?,?,45,37,,,10,1,Itchy,4,N,,,,
26/3/20,,14,3,17,Boat01,?,?,?,45,37,,,11,1,Itchy,6,N,,,,
26/3/20,,14,3,17,Boat01,?,?,?,45,37,,,1,1,Scratchy,4,N,,,,
26/3/20,,14,3,17,Boat01,?,?,?,45,37,,,2,1,Scratchy,2.5,Y,,,Reaction,
26/3/20,,14,3,17,Boat01,?,?,?,45,37,,,3,1,Scratchy,12,N,D,,,
26/3/20,,14,3,17,Boat01,?,?,?,45,37,,,4,1,Scratchy,7,N,,,,
26/3/20,,14,3,17,Boat01,?,?,?,45,37,,,1,1,Unknown,7,N,,,New shark? Same as unknown in Trial 13. Big shark,
26/3/20,,14,3,17,Boat01,?,?,?,45,37,,,2,1,Unknown,5,N,,,,
26/3/20,,14,3,17,Boat01,?,?,?,45,37,,,2,2,Unknown,4,N,,,,
26/3/20,15m,15,3,18,Boat01,?,?,?,45,37,4:33,,1,1,Itchy,1,N,,,Touched rope,
26/3/20,,15,3,18,Boat01,?,?,?,45,37,,,1,2,Itchy,1.5,N,,,,
26/3/20,,15,3,18,Boat01,?,?,?,45,37,,,1,3,Itchy,2.5,N,,,,
26/3/20,,15,3,18,Boat01,?,?,?,45,37,,,2,1,Itchy,2,N,,,Next to Marlin Board,
26/3/20,,15,3,18,Boat01,?,?,?,45,37,,,3,1,Itchy,8,N,,,,
26/3/20,,15,3,18,Boat01,?,?,?,45,37,,,4,1,Itchy,2.5,N,,,,
26/3/20,,15,3,18,Boat01,?,?,?,45,37,,,5,1,Itchy,2.5,N,,,,
26/3/20,,15,3,18,Boat01,?,?,?,45,37,,,6,1,Itchy,6,N,,,,
26/3/20,,15,3,18,Boat01,?,?,?,45,37,,,6,2,Itchy,2.5,N,,,,
26/3/20,,15,3,18,Boat01,?,?,?,45,37,,,1,1,Shark 4,3,N,,,,
26/3/20,,15,3,18,Boat01,?,?,?,45,37,,,2,1,Shark 4,12,N,,,,
26/3/20,,15,3,18,Boat01,?,?,?,45,37,,,3,1,Shark 4,6,N,,,,
26/3/20,,15,3,18,Boat01,?,?,?,45,37,,,4,1,Shark 4,2,N,,,Next to Marlin Board,
26/3/20,,15,3,18,Boat01,?,?,?,45,37,,,4,1,Shark 4,10,N,,,,
26/3/20,,15,3,18,Boat01,?,?,?,45,37,,,5,1,Shark 4,3,N,,,,
26/3/20,,15,3,18,Boat01,?,?,?,45,37,,,6,1,Shark 4,2.5,N,,,,
26/3/20,,15,3,18,Boat01,?,?,?,45,37,,,6,2,Shark 4,3.5,N,,,,
26/3/20,,15,3,18,Boat01,?,?,?,45,37,,,1,1,Unknown,2,Y,,,Reaction,
26/3/20,,15,3,18,Boat01,?,?,?,45,37,,,1,2,Unknown,2.5,N,,,,
26/3/20,,15,3,18,Boat01,?,?,?,45,37,,,2,1,Unknown,3,N,,,,
26/3/20,,15,3,18,Boat01,?,?,?,45,37,,,3,1,Unknown,2,N,,,,
26/3/20,,15,3,18,Boat01,?,?,?,45,37,,,3,2,Unknown,3,N,,,,
26/3/20,,15,3,18,Boat01,?,?,?,45,37,,,4,1,Unknown,5,N,,,,
26/3/20,16m,16,3,19,Control,?,?,?,45,37,5:00,,1,1,Unknown,0,N,,1:10,Float bitten 1:10 into trial. Boat01 cable bitten not through wires during trial 16. May impact future trials. ,
27/3/20,17m,17,3,20,Control,?,?,?,45,37,10:55,,1,1,B.I.G,1,N,,,,
27/3/20,,17,3,20,Control,?,?,?,45,37,,,2,1,B.I.G,1,N,,,,
27/3/20,,17,3,20,Control,?,?,?,45,37,,,2,2,B.I.G,1,N,,,,
27/3/20,,17,3,20,Control,?,?,?,45,37,,,3,1,B.I.G,2,N,,,Left side bite mark behind dorsal,
27/3/20,,17,3,20,Control,?,?,?,45,37,,,4,1,B.I.G,4,N,,,,
27/3/20,,17,3,20,Control,?,?,?,45,37,,,5,1,B.I.G,1.5,N,,,,
27/3/20,,17,3,20,Control,?,?,?,45,37,,,5,2,B.I.G,1,N,,,Touched float,
27/3/20,,17,3,20,Control,?,?,?,45,37,,,6,1,B.I.G,0,N,,?,Bait taken / electrode,
27/3/20,,17,3,20,Control,?,?,?,45,37,,,1,1,Flat Top,20,N,,,,
27/3/20,,17,3,20,Control,?,?,?,45,37,,,2,1,Flat Top,3,N,,,,
27/3/20,,17,3,20,Control,?,?,?,45,37,,,1,1,Itchy,30,N,,,,
27/3/20,,17,3,20,Control,?,?,?,45,37,,,2,1,Itchy,1.5,N,,,,
27/3/20,,17,3,20,Control,?,?,?,45,37,,,3,1,Itchy,1.5,N,,,,
27/3/20,,17,3,20,Control,?,?,?,45,37,,,4,1,Itchy,30,N,,,,
27/3/20,,17,3,20,Control,?,?,?,45,37,,,5,1,Itchy,10,N,,,,
11/4/20,1a,1b,4,21,Boat01,3H,3D,3H 3D,45,44,16:39,2:00,1,1,Shark 1,3,N,D,,,
11/4/20,,1b,4,21,Boat01,3H,3D,3H 3D,45,44,,6:07,2,1,Unknown,3,N,S,,,
11/4/20,2a,2b,4,22,Control,3H,3D,3H 3D,45,44,17:42,,1,1,Shark 1,5,N,D,,Shark took bait immediately prior to trial,Y
11/4/20,,2b,4,22,Control,3H,3D,3H 3D,45,44,18:04,,1,1,Shark 2,5,N,,,Shark 2 small. Tagged by Andrew after trial,
11/4/20,,2b,4,22,Control,3H,3D,3H 3D,45,44,,,2,1,Unknown,0.5,Y,V,,Reaction?,
11/4/20,,2b,4,22,Control,3H,3D,3H 3D,45,44,,13:00,3,1,Unknown,8,N,,,,
11/4/20,,2b,4,22,Control,3H,3D,3H 3D,45,44,,13:00,3,2,Unknown,5,N,,,,
11/4/20,,2b,4,22,Control,3H,3D,3H 3D,45,44,,,1,2,Unknown,1,N,,,Touched bait line possibly took bait as we didn't realise that bait was taken until after trial.,
11/4/20,,2b,4,22,Control,3H,3D,3H 3D,45,44,,7:00,1,3,Unknown,,N,,,,
11/4/20,,2b,4,22,Control,3H,3D,3H 3D,45,44,,,1,4,Unknown,5,N,,,,
11/4/20,,2b,4,22,Control,3H,3D,3H 3D,45,44,,,2,1,Unknown,5,N,,,,
11/4/20,,2b,4,22,Control,3H,3D,3H 3D,45,44,,,3,1,Unknown,2,N,,,,
11/4/20,,2b,4,22,Control,3H,3D,3H 3D,45,44,,,3,2,Unknown,3,N,,,,
11/4/20,,2b,4,22,Control,3H,3D,3H 3D,45,44,,,3,3,Unknown,2,N,,,,
11/4/20,,2b,4,22,Control,3H,3D,3H 3D,45,44,,10:10,3,4,Unknown,2,N,,,,
11/4/20,,2b,4,22,Control,3H,3D,3H 3D,45,44,,,3,5,Unknown,2,N,,,,
11/4/20,,2b,4,22,Control,3H,3D,3H 3D,45,44,,,3,6,Unknown,4,N,,,,
11/4/20,,2b,4,22,Control,3H,3D,3H 3D,45,44,,,3,7,Unknown,4,N,,,,
11/4/20,,2b,4,22,Control,3H,3D,3H 3D,45,44,,,3,8,Unknown,4,N,,,,
11/4/20,,2b,4,22,Control,3H,3D,3H 3D,45,44,,,3,9,Unknown,3,N,,,,
11/4/20,,2b,4,22,Control,3H,3D,3H 3D,45,44,,,3,10,Unknown,4,N,,,,
11/4/20,,2b,4,22,Control,3H,3D,3H 3D,45,44,,11:00,3,11,Unknown,4,N,,,,
11/4/20,,2b,4,22,Control,3H,3D,3H 3D,45,44,,,3,12,Unknown,4,N,,,,
11/4/20,,2b,4,22,Control,3H,3D,3H 3D,45,44,,,3,13,Unknown,6,N,,,,
11/4/20,,2b,4,22,Control,3H,3D,3H 3D,45,44,,,3,14,Unknown,3,N,,,,
11/4/20,,2b,4,22,Control,3H,3D,3H 3D,45,44,,12:30,4,1,Unknown,4,N,,,,
11/4/20,,2b,4,22,Control,3H,3D,3H 3D,45,44,,,4,2,Unknown,2,N,,,,
11/4/20,,2b,4,22,Control,3H,3D,3H 3D,45,44,,,4,3,Unknown,3.5,N,,,,
11/4/20,,2b,4,22,Control,3H,3D,3H 3D,45,44,,,4,4,Unknown,4,N,,,,
11/4/20,,2b,4,22,Control,3H,3D,3H 3D,45,44,,,4,5,Unknown,5,N,,,,
11/4/20,,2b,4,22,Control,3H,3D,3H 3D,45,44,,,5,1,Unknown,4.5,N,,,,
11/4/20,,2b,4,22,Control,3H,3D,3H 3D,45,44,,,5,2,Unknown,3.5,N,,,,
11/4/20,,2b,4,22,Control,3H,3D,3H 3D,45,44,,,5,3,Unknown,1,N,,,Touched line,
11/4/20,,2b,4,22,Control,3H,3D,3H 3D,45,44,,,5,4,Unknown,3,N,,,,
12/4/20,3a,1,4,23,Boat01,3F,3G,3F 3G,41,42,,25,,2,Unknown,1,N,,,Touched rope,
12/4/20,,1,4,23,Boat01,3F,3G,3F 3G,41,42,,48,,3,Unknown,2.5,N,,,"White spot on tail, old tag",
12/4/20,,1,4,23,Boat01,3F,3G,3F 3G,41,42,,1:15,,4,Unknown,4,N,,,,
12/4/20,,1,4,23,Boat01,3F,3G,3F 3G,41,42,,,,5,Unknown,0.5,Y,,,Reaction? Old mate?,
12/4/20,,1,4,23,Boat01,3F,3G,3F 3G,41,42,,4:00,2,1,Unknown,10,N,,,,
12/4/20,,1,4,23,Boat01,3F,3G,3F 3G,41,42,,6:20,,,Unknown,0,N,,6:20,Touch ,
12/4/20,,1,4,23,Boat01,3F,3G,3F 3G,41,42,9:20,20,1,1,Old tag,2,N,,,,
12/4/20,4a,2,4,24,Control,3F,3G,3F 3G,41,42,9:27,1:20,1,1,Unknown,3,N,,,Tagged,
12/4/20,,2,4,24,Control,3F,3G,3F 3G,41,42,,5:20,2,1,Unknown,5,N,,,Tagged,
12/4/20,,2,4,24,Control,3F,3G,3F 3G,41,42,,5:27,,2,Unknown,0,N,,,Touch,
12/4/20,,2,4,24,Control,3F,3G,3F 3G,41,42,,6:44,3,1,Unknown,1,N,,,,
12/4/20,,2,4,24,Control,3F,3G,3F 3G,41,42,,,,2,Unknown,7,N,,,,
12/4/20,,2,4,24,Control,3F,3G,3F 3G,41,42,,9:04,4,1,Unknown,3,N,,,,
12/4/20,,2,4,24,Control,3F,3G,3F 3G,41,42,,9:08,,2,Unknown,1.5,N,,,,
12/4/20,,2,4,24,Control,3F,3G,3F 3G,41,42,,9:13,,3,Unknown,4,N,,,,
12/4/20,,2,4,24,Control,3F,3G,3F 3G,41,42,,,,,Unknown,0,N,,9:42,,
12/4/20,5a,3,4,25,Boat01,3F,3G,3F 3G,41,42,9:57,6;30,1,1,Unknown,8,N,,,Tagged,
12/4/20,,3,4,25,Boat01,3F,3G,3F 3G,41,42,,7:45,2,1,Unknown,10,N,,,,
12/4/20,,3,4,25,Boat01,3F,3G,3F 3G,41,42,,7:55,,2,Unknown,1,N,,,,
12/4/20,,3,4,25,Boat01,3F,3G,3F 3G,41,42,,8:10,,3,Unknown,4,N,,,Old tagged,
12/4/20,,3,4,25,Boat01,3F,3G,3F 3G,41,42,,8:30,,4,Unknown,5,N,,,Re-adjusted float,
12/4/20,,3,4,25,Boat01,3F,3G,3F 3G,41,42,,9:40,1,1,New tagged,5,N,,,,
12/4/20,,3,4,25,Boat01,3F,3G,3F 3G,41,42,,12:30,2,1,New tagged,5,N,,,,
12/4/20,,3,4,25,Boat01,3F,3G,3F 3G,41,42,,,,2,New tagged,3.5,N,,,,
12/4/20,,3,4,25,Boat01,3F,3G,3F 3G,41,42,,12:55,3,1,New tagged,3.5,N,,,,
12/4/20,,3,4,25,Boat01,3F,3G,3F 3G,41,42,,14:45,4,2,New tagged,5,N,,,,
12/4/20,,3,4,25,Boat01,3F,3G,3F 3G,41,42,,,,,New tagged,0,N,,14:40,,
12/4/20,6a,4,4,26,Boat01,3F,3G,3F 3G,41,42,,,,2,Unknown,3.5,N,,,,
12/4/20,,4,4,26,Boat01,3F,3G,3F 3G,41,42,,,,3,Unknown,1,Y,,,Reaction?,
12/4/20,,4,4,26,Boat01,3F,3G,3F 3G,41,42,,,,2,Unknown,2,Y,,,Reaction?,
12/4/20,,4,4,26,Boat01,3F,3G,3F 3G,41,42,,7:25,4,1,Unknown,2,Y,,,Reaction?,
12/4/20,,4,4,26,Boat01,3F,3G,3F 3G,41,42,,,,2,Unknown,3.5,N,,,,
12/4/20,,4,4,26,Boat01,3F,3G,3F 3G,41,42,,,5,1,Unknown,5,N,,,,
12/4/20,,4,4,26,Boat01,3F,3G,3F 3G,41,42,,,6,1,Unknown,5,N,D,,Adjusted float at 10:29,
12/4/20,,4,4,26,Boat01,3F,3G,3F 3G,41,42,10:14,5:00,1,1,New tagged,5,N,,,,
12/4/20,,4,4,26,Boat01,3F,3G,3F 3G,41,42,,5:30,2,1,New tagged,1.5,N,,,,
12/4/20,,4,4,26,Boat01,3F,3G,3F 3G,41,42,,,,2,New tagged,8,N,,,,
12/4/20,,4,4,26,Boat01,3F,3G,3F 3G,41,42,,6:05,3,1,New tagged,2.5,N,,,,
12/4/20,7a,5,4,27,Control,3F,3G,3F 3G,41,42,,,,2,Unknown,3.5,N,D,,,
12/4/20,,5,4,27,Control,3F,3G,3F 3G,41,42,,,2,1,Unknown,10,N,,,,
12/4/20,,5,4,27,Control,3F,3G,3F 3G,41,42,,,,2,Unknown,8,N,,,Adjusted float,
12/4/20,,5,4,27,Control,3F,3G,3F 3G,41,42,,6:15,3,1,Unknown,3,N,D,,,
12/4/20,,5,4,27,Control,3F,3G,3F 3G,41,42,,,,2,Unknown,1,N,,,,
12/4/20,,5,4,27,Control,3F,3G,3F 3G,41,42,,,,3,Unknown,0.2,N,,,,
12/4/20,,5,4,27,Control,3F,3G,3F 3G,41,42,,,,4,Unknown,2.5,N,,,,
12/4/20,,5,4,27,Control,3F,3G,3F 3G,41,42,,,4,1,Unknown,2.5,Y,,,Reaction?,
12/4/20,,5,4,27,Control,3F,3G,3F 3G,41,42,,,,2,Unknown,3,N,,,,
12/4/20,,5,4,27,Control,3F,3G,3F 3G,41,42,,,5,1,Unknown,1.5,N,,,,
12/4/20,,5,4,27,Control,3F,3G,3F 3G,41,42,,10:02,6,1,Unknown,3,N,,10:58,Bait maybe not taken,
12/4/20,,5,4,27,Control,3F,3G,3F 3G,41,42,10:43,0:40,1,1,New tagged,6,N,D,,,
12/4/20,8a,6,4,28,Control,3F,3G,3F 3G,41,42,,,,3,Unknown,1,N,D,,,
12/4/20,,6,4,28,Control,3F,3G,3F 3G,41,42,,,,2,Unknown,2,N,,,,
12/4/20,,6,4,28,Control,3F,3G,3F 3G,41,42,,,,3,Unknown,4,N,,,,
12/4/20,,6,4,28,Control,3F,3G,3F 3G,41,42,,,4,1,Unknown,1,N,,,Touch,
12/4/20,,6,4,28,Control,3F,3G,3F 3G,41,42,,,,2,Unknown,1,N,,,,
12/4/20,,6,4,28,Control,3F,3G,3F 3G,41,42,,,,3,Unknown,2,Y,,,Reaction,
12/4/20,,6,4,28,Control,3F,3G,3F 3G,41,42,,5:00,1,1,New tagged,3,N,,,,
12/4/20,,6,4,28,Control,3F,3G,3F 3G,41,42,,,2,1,New tagged,6,N,D,,,
12/4/20,,6,4,28,Control,3F,3G,3F 3G,41,42,,,,2,New tagged,2,N,D,,,
12/4/20,,6,4,28,Control,3F,3G,3F 3G,41,42,,10:00,3,1,New tagged,1,N,,,10cm off bait,
12/4/20,,6,4,28,Control,3F,3G,3F 3G,41,42,,,5,1,New tagged,5,N,,,,
12/4/20,,6,4,28,Control,3F,3G,3F 3G,41,42,,,6,1,New tagged,4,N,,,,
12/4/20,,6,4,28,Control,3F,3G,3F 3G,41,42,11:02,0:30,1,1,Old tag,6,N,,,Float adjusted,
12/4/20,,6,4,28,Control,3F,3G,3F 3G,41,42,,,2,1,Old tag,6,N,,,,
12/4/20,,6,4,28,Control,3F,3G,3F 3G,41,42,,,3,1,Old tag,4,N,,,,
12/4/20,,6,4,28,Control,3F,3G,3F 3G,41,42,,,3,2,Old tag,1,N,,,,
12/4/20,,6,4,28,Control,3F,3G,3F 3G,41,42,,,,3,Old tag,0,N,,11:18,Camera 3H failed during,
12/4/20,9a,7,4,29,Boat01,3H,3G,3H 3G,45,42,,,4,1,Unknown,4.5,N,,,,
12/4/20,,7,4,29,Boat01,3H,3G,3H 3G,45,42,,,,2,Unknown,0.5,Y,,,Reaction,
12/4/20,,7,4,29,Boat01,3H,3G,3H 3G,45,42,,,5,1,Unknown,3.5,N,,,Christines banana peel on surface,
12/4/20,,7,4,29,Boat01,3H,3G,3H 3G,45,42,,8:50,6,1,Unknown,1.5,N,,,,
12/4/20,,7,4,29,Boat01,3H,3G,3H 3G,45,42,,,,2,Unknown,2,N,,,,
12/4/20,,7,4,29,Boat01,3H,3G,3H 3G,45,42,,,7,1,Unknown,0.5,N,,,Touch,
12/4/20,,7,4,29,Boat01,3H,3G,3H 3G,45,42,,,2,1,Unknown,0,N,,,,
12/4/20,,7,4,29,Boat01,3H,3G,3H 3G,45,42,,,1,1,Marlin,0,N,,,Touched bait,
12/4/20,,7,4,29,Boat01,3H,3G,3H 3G,45,42,11:41,0:10,1,1,New tagged,1,N,S,,,
12/4/20,,7,4,29,Boat01,3H,3G,3H 3G,45,42,,,2,1,New tagged,3,N,,,,
12/4/20,,7,4,29,Boat01,3H,3G,3H 3G,45,42,,3:45,3,1,New tagged,4,N,,,,
12/4/20,,7,4,29,Boat01,3H,3G,3H 3G,45,42,,,,3,New tagged,3.5,N,,,,
12/4/20,10a,8,4,30,Boat01,3H,3G,3H 3G,45,42,,,,2,Unknown,,N,D,,,
12/4/20,,8,4,30,Boat01,3H,3G,3H 3G,45,42,,,,3,Unknown,2,N,,,,
12/4/20,,8,4,30,Boat01,3H,3G,3H 3G,45,42,,,,4,Unknown,,N,,,,
12/4/20,,8,4,30,Boat01,3H,3G,3H 3G,45,42,,3:40,3,1,Unknown,5,N,,,,
12/4/20,,8,4,30,Boat01,3H,3G,3H 3G,45,42,,,4,1,Unknown,1.5,N,,,,
12/4/20,,8,4,30,Boat01,3H,3G,3H 3G,45,42,,,,2,Unknown,3,N,,,,
12/4/20,,8,4,30,Boat01,3H,3G,3H 3G,45,42,,,,4,Unknown,,N,D,,,
12/4/20,,8,4,30,Boat01,3H,3G,3H 3G,45,42,,,,2,Unknown,2,N,,,,
12/4/20,,8,4,30,Boat01,3H,3G,3H 3G,45,42,,,,3,Unknown,2.5,N,,,,
12/4/20,,8,4,30,Boat01,3H,3G,3H 3G,45,42,,,,4,Unknown,3,N,,,,
12/4/20,,8,4,30,Boat01,3H,3G,3H 3G,45,42,,,,2,Unknown,,N,D,,,
12/4/20,,8,4,30,Boat01,3H,3G,3H 3G,45,42,,,7,1,Unknown,8,N,,,,
12/4/20,,8,4,30,Boat01,3H,3G,3H 3G,45,42,,12:39,8,1,Unknown,3.5,N,,,,
12/4/20,,8,4,30,Boat01,3H,3G,3H 3G,45,42,12:52,0:30,1,1,New tagged,6,N,,,,
12/4/20,,8,4,30,Boat01,3H,3G,3H 3G,45,42,,1:50,2,1,New tagged,2,N,,,,
12/4/20,,8,4,30,Boat01,3H,3G,3H 3G,45,42,,6:00,5,1,New tagged,1.5,N,,,,
12/4/20,,8,4,30,Boat01,3H,3G,3H 3G,45,42,,9:15,6,1,New tagged,1.5,N,D,,,
12/4/20,11a,9,4,31,Control,3H,3G,3H 3G,45,42,,5:50,1,1,Marlin,0,N,,,Breach,
12/4/20,,9,4,31,Control,3H,3G,3H 3G,45,42,1:09,1:20,1,1,New tagged,0,N,,,Touch,
12/4/20,12a,10,4,32,Control,3H,3G,3H 3G,45,42,,,,2,Unknown,8,N,,,,
12/4/20,,10,4,32,Control,3H,3G,3H 3G,45,42,,2:10,2,1,Unknown,5,N,,,,
12/4/20,,10,4,32,Control,3H,3G,3H 3G,45,42,,2:45,3,1,Unknown,3,N,,,,
12/4/20,,10,4,32,Control,3H,3G,3H 3G,45,42,,,,2,Unknown,5,N,,,,
12/4/20,,10,4,32,Control,3H,3G,3H 3G,45,42,,,,3,Unknown,2,N,,,,
12/4/20,,10,4,32,Control,3H,3G,3H 3G,45,42,,,,2,Unknown,3.5,N,,,,
12/4/20,,10,4,32,Control,3H,3G,3H 3G,45,42,,,,3,Unknown,2.5,N,D,,,
12/4/20,,10,4,32,Control,3H,3G,3H 3G,45,42,,,,4,Unknown,1.5,N,,,,
12/4/20,,10,4,32,Control,3H,3G,3H 3G,45,42,,,,2,Unknown,3,N,,,,
12/4/20,,10,4,32,Control,3H,3G,3H 3G,45,42,,,,3,Unknown,5,N,,,,
12/4/20,,10,4,32,Control,3H,3G,3H 3G,45,42,,,,2,Unknown,1,N,,,Dive,
12/4/20,,10,4,32,Control,3H,3G,3H 3G,45,42,1:10,0:29,1,1,New tagged,3.5,N,,,,
12/4/20,,10,4,32,Control,3H,3G,3H 3G,45,42,,5:43,2,1,New tagged,7,N,D,,,
12/4/20,,10,4,32,Control,3H,3G,3H 3G,45,42,,6:17,3,1,New tagged,8,N,,,,
12/4/20,,10,4,32,Control,3H,3G,3H 3G,45,42,,9:26,4,1,New tagged,2.5,N,,,,
12/4/20,,10,4,32,Control,3H,3G,3H 3G,45,42,,11:42,5,1,New tagged,3,N,,,,
12/4/20,,10,4,32,Control,3H,3G,3H 3G,45,42,,13:10,6,1,New tagged,3,N,,,,
12/4/20,,10,4,32,Control,3H,3G,3H 3G,45,42,,14:25,7,1,New tagged,0.5,N,,,,
12/4/20,,10,4,32,Control,3H,3G,3H 3G,45,42,,,1,1,Old tag,2,N,,,,
12/4/20,,10,4,32,Control,3H,3G,3H 3G,45,42,,,2,1,Old tag,2,N,,,Marlin behind camera,
12/4/20,13a,11,4,33,Boat01,3H,3G,3H 3G,45,42,,,,2,Unknown,4,N,,,,
12/4/20,,11,4,33,Boat01,3H,3G,3H 3G,45,42,,,,3,Unknown,4,N,,,,
12/4/20,,11,4,33,Boat01,3H,3G,3H 3G,45,42,,,,4,Unknown,4,N,,,,
12/4/20,,11,4,33,Boat01,3H,3G,3H 3G,45,42,,6:45,3,1,Unknown,3,N,,,,
12/4/20,,11,4,33,Boat01,3H,3G,3H 3G,45,42,,,,2,Unknown,2,N,,,,
12/4/20,,11,4,33,Boat01,3H,3G,3H 3G,45,42,,,,3,Unknown,1,N,,,,
12/4/20,,11,4,33,Boat01,3H,3G,3H 3G,45,42,,7:05,5,1,Unknown,7,N,,,,
12/4/20,,11,4,33,Boat01,3H,3G,3H 3G,45,42,,,,2,Unknown,7,N,,,,
12/4/20,,11,4,33,Boat01,3H,3G,3H 3G,45,42,,8:54,6,1,Unknown,5,N,,,,
12/4/20,,11,4,33,Boat01,3H,3G,3H 3G,45,42,,,,2,Unknown,3,N,,,,
12/4/20,,11,4,33,Boat01,3H,3G,3H 3G,45,42,,9:41,7,1,Unknown,4,N,,,,
12/4/20,,11,4,33,Boat01,3H,3G,3H 3G,45,42,,,,2,Unknown,1,N,,,,
12/4/20,,11,4,33,Boat01,3H,3G,3H 3G,45,42,,,,3,Unknown,3,N,,,,
12/4/20,,11,4,33,Boat01,3H,3G,3H 3G,45,42,,,,4,Unknown,4,N,D,,,
12/4/20,,11,4,33,Boat01,3H,3G,3H 3G,45,42,,,,5,Unknown,2,N,D,,,
12/4/20,,11,4,33,Boat01,3H,3G,3H 3G,45,42,,12:44,8,1,Unknown,1.5,N,D,,,
12/4/20,,11,4,33,Boat01,3H,3G,3H 3G,45,42,,13:25,9,1,Unknown,3.5,N,D,,,
12/4/20,,11,4,33,Boat01,3H,3G,3H 3G,45,42,,14:10,10,1,Unknown,4,N,D,,,
12/4/20,,11,4,33,Boat01,3H,3G,3H 3G,45,42,,,,2,Unknown,3.5,Y,,,Possible reaction,
12/4/20,,11,4,33,Boat01,3H,3G,3H 3G,45,42,,,,3,Unknown,6,N,,,,
12/4/20,,11,4,33,Boat01,3H,3G,3H 3G,45,42,,,,4,Unknown,3.5,N,,,,
12/4/20,,11,4,33,Boat01,3H,3G,3H 3G,45,42,1:35,1:59,1,1,New tagged,10,N,,,,
12/4/20,,11,4,33,Boat01,3H,3G,3H 3G,45,42,,4:49,2,1,New tagged,10,N,,,,
12/4/20,,11,4,33,Boat01,3H,3G,3H 3G,45,42,,5:49,3,1,New tagged,3,N,,,,
12/4/20,14a,12,4,34,Boat01,3H,3G,3H 3G,45,42,,,,2,Unknown,4,N,,,,
12/4/20,,12,4,34,Boat01,3H,3G,3H 3G,45,42,,,,3,Unknown,3,N,,,,
12/4/20,,12,4,34,Boat01,3H,3G,3H 3G,45,42,,,,4,Unknown,4,N,,,,
12/4/20,,12,4,34,Boat01,3H,3G,3H 3G,45,42,,,,5,Unknown,3,N,D,,,
12/4/20,,12,4,34,Boat01,3H,3G,3H 3G,45,42,3:07,6:28,1,1,New tagged,3,N,,,,
12/4/20,,12,4,34,Boat01,3H,3G,3H 3G,45,42,,10:52,2,1,New tagged,4,N,,,,
12/4/20,15a,13,4,35,Control,3H,3G,3H 3G,45,42,4:28,0:40,1,1,Maeve ,5,N,,,,
12/4/20,,13,4,35,Control,3H,3G,3H 3G,45,42,,,,2,Unknown,3,N,,,,
12/4/20,,13,4,35,Control,3H,3G,3H 3G,45,42,,2:38,2,1,Unknown,5,N,,,,
12/4/20,,13,4,35,Control,3H,3G,3H 3G,45,42,,,,2,Unknown,0.5,N,,,,
12/4/20,,13,4,35,Control,3H,3G,3H 3G,45,42,,4:21,3,1,Unknown,1,N,,,,
12/4/20,,13,4,35,Control,3H,3G,3H 3G,45,42,,10:00,4,1,Unknown,0,N,,10:00,Maybe low pass prior,
12/4/20,16a,14,4,36,Control,3H,3G,3H 3G,45,42,,,2,1,Maeve ,10,N,,,,
12/4/20,,14,4,36,Control,3H,3G,3H 3G,45,42,,,,2,Unknown,0.5,N,,,,
12/4/20,,14,4,36,Control,3H,3G,3H 3G,45,42,,2:26,2,1,Unknown,7,N,,,Foam in area,
12/4/20,,14,4,36,Control,3H,3G,3H 3G,45,42,4:40,1:49,1,1,New tagged,5,N,,,,
12/4/20,,14,4,36,Control,3H,3G,3H 3G,45,42,,,3,1,New tagged,10,N,,,,
12/4/20,,14,4,36,Control,3H,3G,3H 3G,45,42,,,4,1,New tagged,10,N,D,,,
12/4/20,,14,4,36,Control,3H,3G,3H 3G,45,42,,,,2,New tagged,3,N,,,,
12/4/20,,14,4,36,Control,3H,3G,3H 3G,45,42,,,,3,New tagged,3,N,,,,
12/4/20,,14,4,36,Control,3H,3G,3H 3G,45,42,,,,4,New tagged,4,N,,,,
12/4/20,,14,4,36,Control,3H,3G,3H 3G,45,42,,,,5,New tagged,1.5,N,,,,
12/4/20,,14,4,36,Control,3H,3G,3H 3G,45,42,,,,6,New tagged,0.5,N,,,Touch?,
12/4/20,,14,4,36,Control,3H,3G,3H 3G,45,42,,,,7,New tagged,0,N,,7:53,,
12/4/20,,14,4,36,Control,3H,3G,3H 3G,45,42,,,1,1,Unknown,1,N,,,,
12/4/20,17a,15,4,37,Boat01,3H,3G,3H 3G,45,42,4:49,3:19,1,1,Old tag,4,N,,,Reactions throughout whole trial,
12/4/20,,15,4,37,Boat01,3H,3G,3H 3G,45,42,,,,2,Old tag,2,N,,,,
12/4/20,,15,4,37,Boat01,3H,3G,3H 3G,45,42,,,,3,Old tag,2.5,N,,,,
12/4/20,,15,4,37,Boat01,3H,3G,3H 3G,45,42,,,,4,Old tag,0,N,D,,Attempted bite,
12/4/20,,15,4,37,Boat01,3H,3G,3H 3G,45,42,,,,5,Old tag,1,N,,,,
12/4/20,,15,4,37,Boat01,3H,3G,3H 3G,45,42,,,,6,Old tag,3,N,,,,
12/4/20,,15,4,37,Boat01,3H,3G,3H 3G,45,42,,,,7,Old tag,0,N,,,Touch,
12/4/20,,15,4,37,Boat01,3H,3G,3H 3G,45,42,,,,8,Old tag,0.5,N,,,,
12/4/20,,15,4,37,Boat01,3H,3G,3H 3G,45,42,,,,9,Old tag,0.5,N,,,,
12/4/20,,15,4,37,Boat01,3H,3G,3H 3G,45,42,,,,10,Old tag,2.5,N,,,,
12/4/20,,15,4,37,Boat01,3H,3G,3H 3G,45,42,,,,11,Old tag,1.5,N,,,,
12/4/20,,15,4,37,Boat01,3H,3G,3H 3G,45,42,,,,12,Old tag,3,N,,,,
12/4/20,,15,4,37,Boat01,3H,3G,3H 3G,45,42,,,,13,Old tag,5,N,,,,
12/4/20,,15,4,37,Boat01,3H,3G,3H 3G,45,42,,,,14,Old tag,4,N,,,,
12/4/20,,15,4,37,Boat01,3H,3G,3H 3G,45,42,,,,15,Old tag,4,N,,,,
12/4/20,,15,4,37,Boat01,3H,3G,3H 3G,45,42,,,,16,Old tag,3,N,,,,
12/4/20,,15,4,37,Boat01,3H,3G,3H 3G,45,42,,,,17,Old tag,0.5,N,,,,
12/4/20,,15,4,37,Boat01,3H,3G,3H 3G,45,42,,,,18,Old tag,2,N,,,,
12/4/20,,15,4,37,Boat01,3H,3G,3H 3G,45,42,,,,19,Old tag,4,N,,,,
12/4/20,,15,4,37,Boat01,3H,3G,3H 3G,45,42,,,,20,Old tag,4,N,,,,
12/4/20,,15,4,37,Boat01,3H,3G,3H 3G,45,42,,,,21,Old tag,1,N,,,,
12/4/20,,15,4,37,Boat01,3H,3G,3H 3G,45,42,,,,22,Old tag,2,N,,,,
12/4/20,,15,4,37,Boat01,3H,3G,3H 3G,45,42,,,,23,Old tag,3,N,,,,
12/4/20,,15,4,37,Boat01,3H,3G,3H 3G,45,42,,,,24,Old tag,1,N,,,,
12/4/20,,15,4,37,Boat01,3H,3G,3H 3G,45,42,,,,25,Old tag,3,N,,,,
12/4/20,,15,4,37,Boat01,3H,3G,3H 3G,45,42,,,,26,Old tag,2.5,N,,,,
12/4/20,,15,4,37,Boat01,3H,3G,3H 3G,45,42,,,,27,Old tag,0.5,N,,,,
12/4/20,,15,4,37,Boat01,3H,3G,3H 3G,45,42,,,,28,Old tag,0.5,N,,,,
12/4/20,,15,4,37,Boat01,3H,3G,3H 3G,45,42,,,,29,Old tag,1,N,,,,
12/4/20,,15,4,37,Boat01,3H,3G,3H 3G,45,42,,,,30,Old tag,3,N,,,,
12/4/20,,15,4,37,Boat01,3H,3G,3H 3G,45,42,,,,31,Old tag,2,N,,,,
12/4/20,,15,4,37,Boat01,3H,3G,3H 3G,45,42,,,,32,Old tag,4.5,N,,,,
12/4/20,,15,4,37,Boat01,3H,3G,3H 3G,45,42,,,,33,Old tag,0.5,N,,,,
12/4/20,,15,4,37,Boat01,3H,3G,3H 3G,45,42,,,,34,Old tag,1,N,,,,
12/4/20,,15,4,37,Boat01,3H,3G,3H 3G,45,42,,,,35,Old tag,4,N,,,,
12/4/20,,15,4,37,Boat01,3H,3G,3H 3G,45,42,,14:40,2,1,Old tag,4,N,,,,
12/4/20,,15,4,37,Boat01,3H,3G,3H 3G,45,42,,,,2,Old tag,0.5,N,,,,
12/4/20,18a,16b,4,38,Boat01,3H,3G,3H 3G,45,42,17:25,0:20,1,1,Marlin,0,N,,,touch,
12/4/20,,16b,4,38,Boat01,3H,3G,3H 3G,45,42,,0:55,2,1,Marlin,,N,,,,
12/4/20,,16b,4,38,Boat01,3H,3G,3H 3G,45,42,,,,2,Marlin,0,N,,,,
13/4/20,20a,18,4,39,Control,3F,3G,3F 3G,43,42,9:00,0:30,1,1,Old tag,5,Y,,,Reaction?,
13/4/20,,18,4,39,Control,3F,3G,3F 3G,43,42,,,,2,Old tag,2,N,,,,
13/4/20,,18,4,39,Control,3F,3G,3F 3G,43,42,,,,3,Old tag,5,N,,,,
13/4/20,,18,4,39,Control,3F,3G,3F 3G,43,42,,,,4,Old tag,5,N,,,,
13/4/20,,18,4,39,Control,3F,3G,3F 3G,43,42,,,,5,Old tag,3,N,,,,
13/4/20,,18,4,39,Control,3F,3G,3F 3G,43,42,,,,6,Old tag,1,N,,,,
13/4/20,,18,4,39,Control,3F,3G,3F 3G,43,42,,,,7,Old tag,5,N,D,,,
13/4/20,,18,4,39,Control,3F,3G,3F 3G,43,42,,8:20,2,1,Old tag,2.5,N,,,Hose lost during tiral,
13/4/20,,18,4,39,Control,3F,3G,3F 3G,43,42,,3:00,1,1,Unknown,10,N,,,,
13/4/20,,18,4,39,Control,3F,3G,3F 3G,43,42,,,2,1,Unknown,3.5,N,,,,
13/4/20,21a,19,4,40,Boat01,3F,3G,3F 3G,43,42,9:20,0:40,1,1,Old tag,4,N,,,,
13/4/20,,19,4,40,Boat01,3F,3G,3F 3G,43,42,,,,2,Old tag,2,N,,,,
13/4/20,,19,4,40,Boat01,3F,3G,3F 3G,43,42,,,,3,Old tag,2,N,,,,
13/4/20,,19,4,40,Boat01,3F,3G,3F 3G,43,42,,,,4,Old tag,1,N,,,,
13/4/20,,19,4,40,Boat01,3F,3G,3F 3G,43,42,,,,5,Old tag,2,Y,,,Reaction?,
13/4/20,,19,4,40,Boat01,3F,3G,3F 3G,43,42,,,,6,Old tag,2.5,N,,,,
13/4/20,,19,4,40,Boat01,3F,3G,3F 3G,43,42,,,,7,Old tag,1,Y,,,Reaction?,
13/4/20,,19,4,40,Boat01,3F,3G,3F 3G,43,42,,,,8,Old tag,2,N,,,,
13/4/20,,19,4,40,Boat01,3F,3G,3F 3G,43,42,,,,9,Old tag,3.5,N,,,,
13/4/20,,19,4,40,Boat01,3F,3G,3F 3G,43,42,,,,10,Old tag,4,N,,,,
13/4/20,,19,4,40,Boat01,3F,3G,3F 3G,43,42,,,,11,Old tag,1,N,,,,
13/4/20,,19,4,40,Boat01,3F,3G,3F 3G,43,42,,,,12,Old tag,3.5,N,,,,
13/4/20,,19,4,40,Boat01,3F,3G,3F 3G,43,42,,,,13,Old tag,2.5,N,,,,
13/4/20,,19,4,40,Boat01,3F,3G,3F 3G,43,42,,,,14,Old tag,3.5,N,,,,
13/4/20,,19,4,40,Boat01,3F,3G,3F 3G,43,42,,,,15,Old tag,3.5,N,,,,
13/4/20,,19,4,40,Boat01,3F,3G,3F 3G,43,42,,,,16,Old tag,3.5,N,,,,
13/4/20,,19,4,40,Boat01,3F,3G,3F 3G,43,42,,,,17,Old tag,2.5,N,,,,
13/4/20,,19,4,40,Boat01,3F,3G,3F 3G,43,42,,,,18,Old tag,4.5,N,,,,
13/4/20,,19,4,40,Boat01,3F,3G,3F 3G,43,42,,,,19,Old tag,4,N,,,,
13/4/20,,19,4,40,Boat01,3F,3G,3F 3G,43,42,,,,20,Old tag,3.5,N,,,,
13/4/20,,19,4,40,Boat01,3F,3G,3F 3G,43,42,,,,21,Old tag,1.5,N,,,,
13/4/20,,19,4,40,Boat01,3F,3G,3F 3G,43,42,,,,22,Old tag,3.5,N,,,,
13/4/20,,19,4,40,Boat01,3F,3G,3F 3G,43,42,,,,23,Old tag,1.5,Y,,,Reaction?,
13/4/20,,19,4,40,Boat01,3F,3G,3F 3G,43,42,,,,24,Old tag,3,N,,,,
13/4/20,,19,4,40,Boat01,3F,3G,3F 3G,43,42,,,,25,Old tag,3.5,N,,,,
13/4/20,,19,4,40,Boat01,3F,3G,3F 3G,43,42,,,,26,Old tag,3.5,N,,,,
13/4/20,,19,4,40,Boat01,3F,3G,3F 3G,43,42,,,,27,Old tag,3,N,,,,
13/4/20,,19,4,40,Boat01,3F,3G,3F 3G,43,42,,,,28,Old tag,3,N,,,,
13/4/20,,19,4,40,Boat01,3F,3G,3F 3G,43,42,,,,29,Old tag,3,N,,,,
13/4/20,,19,4,40,Boat01,3F,3G,3F 3G,43,42,,,,30,Old tag,3.5,N,,,,
13/4/20,,19,4,40,Boat01,3F,3G,3F 3G,43,42,,,,31,Old tag,2.5,N,,,,
13/4/20,,19,4,40,Boat01,3F,3G,3F 3G,43,42,,,1,1,Unknown,4,N,,,,
13/4/20,,19,4,40,Boat01,3F,3G,3F 3G,43,42,,,1,2,Unknown,4,N,D,,,
13/4/20,,19,4,40,Boat01,3F,3G,3F 3G,43,42,,,1,3,Unknown,3,N,,,Maybe Marlin,
13/4/20,22a,20,4,41,Control,3F,3G,3F 3G,43,42,9:37,12:20,1,1,Old tag,0,N,,,"Touch, started chumming",
13/4/20,,20,4,41,Control,3F,3G,3F 3G,43,42,,,1,2,Old tag,0.5,N,,,Touch?,
13/4/20,,20,4,41,Control,3F,3G,3F 3G,43,42,,,1,3,Old tag,4,N,,,,
13/4/20,,20,4,41,Control,3F,3G,3F 3G,43,42,,,1,4,Old tag,3.5,N,,,,
13/4/20,,20,4,41,Control,3F,3G,3F 3G,43,42,,,1,5,Old tag,0,N,,,Touch,
13/4/20,23a,21,4,42,Boat01,3F,3G,3F 3G,43,42,,,1,1,Marlin,2,N,,,,
13/4/20,,21,4,42,Boat01,3F,3G,3F 3G,43,42,,,1,2,Marlin,1,N,,,,
13/4/20,,21,4,42,Boat01,3F,3G,3F 3G,43,42,,,1,3,Marlin,0,N,,,Touch,
13/4/20,,21,4,42,Boat01,3F,3G,3F 3G,43,42,,,4,1,Marlin,1,N,,,Marlin chasing Old Tag,
13/4/20,,21,4,42,Boat01,3F,3G,3F 3G,43,42,,,5,1,Marlin,3,N,D,,,
13/4/20,,21,4,42,Boat01,3F,3G,3F 3G,43,42,,,5,2,Marlin,0,N,,,Touch,
13/4/20,,21,4,42,Boat01,3F,3G,3F 3G,43,42,10:49,,1,1,Old tag,2,N,,,,
13/4/20,,21,4,42,Boat01,3F,3G,3F 3G,43,42,,,2,1,Old tag,8,N,,,,
13/4/20,,21,4,42,Boat01,3F,3G,3F 3G,43,42,,,3,1,Old tag,4,N,,,,
13/4/20,,21,4,42,Boat01,3F,3G,3F 3G,43,42,,,4,1,Old tag,10,N,,,,
13/4/20,24a,22,4,43,Boat01,3F,3G,3F 3G,43,42,10:56,,1,1,Marlin,2,N,,,,
13/4/20,,22,4,43,Boat01,3F,3G,3F 3G,43,42,,,2,1,Marlin,2,N,,,,
13/4/20,,22,4,43,Boat01,3F,3G,3F 3G,43,42,,,,2,Marlin,0.5,N,,,,
13/4/20,,22,4,43,Boat01,3F,3G,3F 3G,43,42,,,2,3,Marlin,0.5,N,,,,
13/4/20,,22,4,43,Boat01,3F,3G,3F 3G,43,42,,,2,4,Marlin,0.5,N,,,,
13/4/20,,22,4,43,Boat01,3F,3G,3F 3G,43,42,,,2,5,Marlin,0,N,,,Touch,
13/4/20,,22,4,43,Boat01,3F,3G,3F 3G,43,42,,,2,6,Marlin,0.5,N,,,,
13/4/20,,22,4,43,Boat01,3F,3G,3F 3G,43,42,,,2,7,Marlin,0.5,Y,,,Reaction?,
13/4/20,,22,4,43,Boat01,3F,3G,3F 3G,43,42,,,2,8,Marlin,0,N,,3:45,Touch,
13/4/20,,22,4,43,Boat01,3F,3G,3F 3G,43,42,,2:00,1,1,Old tag,8,N,,,,
13/4/20,,22,4,43,Boat01,3F,3G,3F 3G,43,42,,,1,2,Old tag,4,N,,,,
13/4/20,,22,4,43,Boat01,3F,3G,3F 3G,43,42,,,1,3,Old tag,0.5,N,,,,
13/4/20,25a,23,4,44,Control,3F,3G,3F 3G,43,42,11:03,0:50,1,1,Marlin,6,N,,,,
13/4/20,,23,4,44,Control,3F,3G,3F 3G,43,42,,7:23,1,1,Old tag,3.5,N,,,,
13/4/20,,23,4,44,Control,3F,3G,3F 3G,43,42,,,1,2,Old tag,4,N,,,,
13/4/20,,23,4,44,Control,3F,3G,3F 3G,43,42,,,1,3,Old tag,3.5,N,,,,
13/4/20,,23,4,44,Control,3F,3G,3F 3G,43,42,,,1,4,Old tag,0,N,,,Touch,
13/4/20,,23,4,44,Control,3F,3G,3F 3G,43,42,,,1,5,Old tag,3,N,,,,
13/4/20,,23,4,44,Control,3F,3G,3F 3G,43,42,,12:14,2,1,Old tag,1,Y,,,Reaction?,
13/4/20,,23,4,44,Control,3F,3G,3F 3G,43,42,,,2,2,Old tag,0.5,N,,,,
13/4/20,,23,4,44,Control,3F,3G,3F 3G,43,42,,,2,3,Old tag,0.5,N,,,,
13/4/20,,23,4,44,Control,3F,3G,3F 3G,43,42,,,2,4,Old tag,0,N,,13:16,Touch,
13/4/20,26a,24,4,45,Control,3F,3G,3F 3G,43,42,11:31,0:36,1,1,Marlin,5,N,,,,
13/4/20,,24,4,45,Control,3F,3G,3F 3G,43,42,,,2,1,Marlin,2,N,,,,
13/4/20,,24,4,45,Control,3F,3G,3F 3G,43,42,,,2,2,Marlin,0,N,,,Touch,
13/4/20,,24,4,45,Control,3F,3G,3F 3G,43,42,,,2,3,Marlin,0.5,N,,,,
13/4/20,,24,4,45,Control,3F,3G,3F 3G,43,42,,,2,4,Marlin,3,N,,,,
13/4/20,,24,4,45,Control,3F,3G,3F 3G,43,42,,,2,5,Marlin,0.5,N,,,,
13/4/20,,24,4,45,Control,3F,3G,3F 3G,43,42,,,3,1,Marlin,0.5,N,,,,
13/4/20,,24,4,45,Control,3F,3G,3F 3G,43,42,,,3,2,Marlin,0,N,,,Touch,
13/4/20,,24,4,45,Control,3F,3G,3F 3G,43,42,,,3,3,Marlin,4,N,,,,
13/4/20,,24,4,45,Control,3F,3G,3F 3G,43,42,,0:36,1,1,Old tag,5,N,,,,
13/4/20,,24,4,45,Control,3F,3G,3F 3G,43,42,,,2,1,Old tag,2,N,,,,
13/4/20,,24,4,45,Control,3F,3G,3F 3G,43,42,,,3,1,Old tag,4,N,,,,
13/4/20,27a,25,4,46,Boat01,3F,3G,3F 3G,43,42,12:10,0:00,1,1,Marlin,4,N,,,,
13/4/20,,25,4,46,Boat01,3F,3G,3F 3G,43,42,,,1,2,Marlin,0.5,N,,,Touch?,
13/4/20,,25,4,46,Boat01,3F,3G,3F 3G,43,42,,,1,3,Marlin,1,N,,,,
13/4/20,,25,4,46,Boat01,3F,3G,3F 3G,43,42,,,1,4,Marlin,4,N,,,Touch?,
13/4/20,,25,4,46,Boat01,3F,3G,3F 3G,43,42,,,1,5,Marlin,0,N,,,Touch?,
13/4/20,,25,4,46,Boat01,3F,3G,3F 3G,43,42,,,1,6,Marlin,0.5,Y,,,Reaction,
13/4/20,,25,4,46,Boat01,3F,3G,3F 3G,43,42,,,1,7,Marlin,0,N,,3:00,Touch?,
13/4/20,,25,4,46,Boat01,3F,3G,3F 3G,43,42,,1:21,1,1,Old tag,4,N,,,"Missed pass, look for in video",
13/4/20,28a,26,4,47,Boat01,3F,3G,3F 3G,43,42,12:14,0:09,1,1,Marlin,8,N,,,,
13/4/20,,26,4,47,Boat01,3F,3G,3F 3G,43,42,,1:54,2,1,Marlin,8,N,,,,
13/4/20,,26,4,47,Boat01,3F,3G,3F 3G,43,42,,,2,2,Marlin,1,N,,,,
13/4/20,,26,4,47,Boat01,3F,3G,3F 3G,43,42,,,2,3,Marlin,0.5,N,,,,
13/4/20,,26,4,47,Boat01,3F,3G,3F 3G,43,42,,,2,4,Marlin,0.5,Y,,,Reaction?,
13/4/20,,26,4,47,Boat01,3F,3G,3F 3G,43,42,,,2,5,Marlin,2.5,N,,,,
13/4/20,,26,4,47,Boat01,3F,3G,3F 3G,43,42,,4:10,3,1,Marlin,1,N,,,,
13/4/20,,26,4,47,Boat01,3F,3G,3F 3G,43,42,,,3,2,Marlin,1,N,,,,
13/4/20,,26,4,47,Boat01,3F,3G,3F 3G,43,42,,,3,3,Marlin,1,N,,,,
13/4/20,,26,4,47,Boat01,3F,3G,3F 3G,43,42,,,3,4,Marlin,0.5,N,,,Touch?,
13/4/20,,26,4,47,Boat01,3F,3G,3F 3G,43,42,,,3,5,Marlin,0,N,,,Touch?,
13/4/20,,26,4,47,Boat01,3F,3G,3F 3G,43,42,,,3,6,Marlin,0,N,,5:46,Bit float,
13/4/20,,26,4,47,Boat01,3F,3G,3F 3G,43,42,,,1,1,Old tag,10,N,,,,
13/4/20,29a,27,4,48,Control,3F,3G,3F 3G,43,42,,12:23,1,1,Marlin,2,N,,,,
13/4/20,,27,4,48,Control,3F,3G,3F 3G,43,42,,,1,2,Marlin,0.5,N,,,,
13/4/20,,27,4,48,Control,3F,3G,3F 3G,43,42,,,1,3,Marlin,10,N,,,,
13/4/20,,27,4,48,Control,3F,3G,3F 3G,43,42,,3:32,2,1,Marlin,3,N,,,,
13/4/20,,27,4,48,Control,3F,3G,3F 3G,43,42,,,2,2,Marlin,0,N,,,Touch,
13/4/20,,27,4,48,Control,3F,3G,3F 3G,43,42,,4:55,1,1,Old tag,3,N,D,,,
13/4/20,,27,4,48,Control,3F,3G,3F 3G,43,42,,,1,2,Old tag,3.5,N,,,,
13/4/20,,27,4,48,Control,3F,3G,3F 3G,43,42,,,1,3,Old tag,2.5,Y,,,Reaction?,
13/4/20,,27,4,48,Control,3F,3G,3F 3G,43,42,,,1,4,Old tag,3,N,,,,
13/4/20,,27,4,48,Control,3F,3G,3F 3G,43,42,,,2,1,Old tag,8,N,,,Smaller shark out back,
13/4/20,,27,4,48,Control,3F,3G,3F 3G,43,42,,,2,2,Old tag,7,N,,,,
13/4/20,,27,4,48,Control,3F,3G,3F 3G,43,42,,,2,3,Old tag,3,N,,,,
13/4/20,,27,4,48,Control,3F,3G,3F 3G,43,42,,,3,1,Old tag,2,N,D,,,
13/4/20,,27,4,48,Control,3F,3G,3F 3G,43,42,,4:07,1,1,Unknown,10,N,,,,
13/4/20,30a,28,4,49,Boat01,3F,3H,3F 3H,43,45,1:55,8:50,1,1,Old tag,1.5,N,,,,
13/4/20,,28,4,49,Boat01,3F,3H,3F 3H,43,45,,,1,2,Old tag,1.5,Y,,,Reaction?,
13/4/20,,28,4,49,Boat01,3F,3H,3F 3H,43,45,,12:25,2,1,Old tag,1,N,,,,
13/4/20,,28,4,49,Boat01,3F,3H,3F 3H,43,45,,,2,2,Old tag,0,N,,14:10,Lauren threw blood on marshmellow,
13/4/20,31a,30,4,50,Boat01,3F,3H,3F 3H,43,45,3:14,0:30,1,1,Marlin,,N,,,,
13/4/20,,30,4,50,Boat01,3F,3H,3F 3H,43,45,,,1,2,Marlin,4,N,,,Touch,
13/4/20,,30,4,50,Boat01,3F,3H,3F 3H,43,45,,,1,3,Marlin,1,Y,,,Reaction,
13/4/20,,30,4,50,Boat01,3F,3H,3F 3H,43,45,,,1,4,Marlin,0,N,,2:00,"Touch, bit through line",
13/4/20,32a,31,4,51,Control,3F,3H,3F 3H,43,45,3:21,2:10,1,1,Marlin,5,N,,,,
13/4/20,,31,4,51,Control,3F,3H,3F 3H,43,45,,,1,2,Marlin,2,N,,,,
13/4/20,,31,4,51,Control,3F,3H,3F 3H,43,45,,,1,3,Marlin,1,N,,,,
13/4/20,,31,4,51,Control,3F,3H,3F 3H,43,45,,6:15,1,1,New tagged,2.5,N,,,,
13/4/20,,31,4,51,Control,3F,3H,3F 3H,43,45,,,1,2,New tagged,5,N,,,,
13/4/20,,31,4,51,Control,3F,3H,3F 3H,43,45,,,1,3,New tagged,3.5,N,,,,
13/4/20,,31,4,51,Control,3F,3H,3F 3H,43,45,,,1,4,New tagged,3,N,,,,
13/4/20,,31,4,51,Control,3F,3H,3F 3H,43,45,,,1,5,New tagged,3.5,N,,,,
13/4/20,,31,4,51,Control,3F,3H,3F 3H,43,45,,,1,6,New tagged,4,N,,,,
13/4/20,,31,4,51,Control,3F,3H,3F 3H,43,45,,,1,7,New tagged,5,N,,,,
13/4/20,,31,4,51,Control,3F,3H,3F 3H,43,45,,,1,8,New tagged,3.5,N,D,,,
13/4/20,,31,4,51,Control,3F,3H,3F 3H,43,45,,,1,9,New tagged,0.5,N,,,Touch?,
13/4/20,,31,4,51,Control,3F,3H,3F 3H,43,45,,,1,10,New tagged,0.5,N,,,,
13/4/20,,31,4,51,Control,3F,3H,3F 3H,43,45,,,2,1,New tagged,0,N,,11:52,,
13/4/20,33a,32,4,52,Boat01,3F,3H,3F 3H,43,45,,14:30,1,1,Marlin,2.5,N,,,,
13/4/20,,32,4,52,Boat01,3F,3H,3F 3H,43,45,3:35,0:30,1,1,Old tag,6,N,,,Switched trials 31 and 32. Corrected on this data sheet. No further action. Videos will make sense. ,
13/4/20,,32,4,52,Boat01,3F,3H,3F 3H,43,45,,,1,2,Old tag,4,N,,,,
13/4/20,,32,4,52,Boat01,3F,3H,3F 3H,43,45,,,1,3,Old tag,1,N,,,,
13/4/20,,32,4,52,Boat01,3F,3H,3F 3H,43,45,,,1,4,Old tag,2,Y,,,Reaction?,
13/4/20,,32,4,52,Boat01,3F,3H,3F 3H,43,45,,,1,5,Old tag,1,Y,,,Reaction?,
13/4/20,,32,4,52,Boat01,3F,3H,3F 3H,43,45,,,1,6,Old tag,2.5,N,,,,
13/4/20,,32,4,52,Boat01,3F,3H,3F 3H,43,45,,2:40,2,1,Old tag,4,N,D,,,
13/4/20,,32,4,52,Boat01,3F,3H,3F 3H,43,45,,,2,2,Old tag,2,Y,,,Reaction,
13/4/20,,32,4,52,Boat01,3F,3H,3F 3H,43,45,,7:50,3,1,Old tag,1.5,N,,,,
13/4/20,,32,4,52,Boat01,3F,3H,3F 3H,43,45,,,3,2,Old tag,0.5,N,,,,
13/4/20,34a,33,4,53,Boat01,3F,3H,3F 3H,43,45,3:54,1:00,1,1,Maeve,0,N,,,Touch,
13/4/20,,33,4,53,Boat01,3F,3H,3F 3H,43,45,,,1,2,Maeve,3,N,,,,
13/4/20,,33,4,53,Boat01,3F,3H,3F 3H,43,45,,,1,3,Maeve,2,N,,,,
13/4/20,,33,4,53,Boat01,3F,3H,3F 3H,43,45,,,1,4,Maeve,2,N,,,,
13/4/20,,33,4,53,Boat01,3F,3H,3F 3H,43,45,,,1,5,Maeve,3,Y,,,Reaction?,
13/4/20,,33,4,53,Boat01,3F,3H,3F 3H,43,45,,3:00,2,1,Maeve,7,N,,,,
13/4/20,,33,4,53,Boat01,3F,3H,3F 3H,43,45,,,2,2,Maeve,0,N,,,Touch,
13/4/20,35a,34,4,54,Control,3F,3H,3F 3H,43,45,4:00,0:45,1,1,Maeve,0,N,,,Touch?,
13/4/20,,34,4,54,Control,3F,3H,3F 3H,43,45,,2:25,2,1,Maeve,2,N,,,,
13/4/20,,34,4,54,Control,3F,3H,3F 3H,43,45,,3:00,3,1,Maeve,8,N,,,,
13/4/20,,34,4,54,Control,3F,3H,3F 3H,43,45,,,3,2,Maeve,1,N,,,,
13/4/20,,34,4,54,Control,3F,3H,3F 3H,43,45,,,3,3,Maeve,0,N,,,Touch,
13/4/20,36a,35,4,55,Control,3F,3H,3F 3H,43,45,,1:25,1,1,Maeve,2,N,D,,,
13/4/20,,35,4,55,Control,3F,3H,3F 3H,43,45,,2:40,2,1,Maeve,1,N,,,Touched stereo,
13/4/20,,35,4,55,Control,3F,3H,3F 3H,43,45,,3:30,3,1,Maeve,10,N,,,,
13/4/20,,35,4,55,Control,3F,3H,3F 3H,43,45,,,3,2,Maeve,0,N,,,Touch,
13/4/20,,35,4,55,Control,3F,3H,3F 3H,43,45,,5:48,4,1,Maeve,0,N,,5:48,,
13/4/20,,35,4,55,Control,3F,3H,3F 3H,43,45,4:23,1:15,1,1,Old tag,0.5,N,,,Maeve got bait line before trial started,
13/4/20,,35,4,55,Control,3F,3H,3F 3H,43,45,,1:35,2,1,Old tag,3,N,,,,
13/4/20,,35,4,55,Control,3F,3H,3F 3H,43,45,,,2,2,Old tag,3.5,N,,,,
13/4/20,37a,36,4,56,Boat01,3F,3H,3F 3H,43,45,4:31,0:14,1,1,Maeve,0,N,,,Touch,
13/4/20,,36,4,56,Boat01,3F,3H,3F 3H,43,45,,3:51,2,1,Maeve,1,N,,,,
13/4/20,,36,4,56,Boat01,3F,3H,3F 3H,43,45,,,2,2,Maeve,1,N,,,,
13/4/20,,36,4,56,Boat01,3F,3H,3F 3H,43,45,,,2,3,Maeve,0,N,,,Touch,
13/4/20,38a,37,4,57,Control,3F,3H,3F 3H,43,45,4:44,8:15,1,1,Marlin,2,N,D,,Under stereo,
13/4/20,,37,4,57,Control,3F,3H,3F 3H,43,45,,,1,2,Marlin,4,N,,,,
13/4/20,,37,4,57,Control,3F,3H,3F 3H,43,45,,,1,3,Marlin,10,N,,,,
13/4/20,,37,4,57,Control,3F,3H,3F 3H,43,45,,9:50,2,1,Marlin,0,N,,,Touch,
13/4/20,,37,4,57,Control,3F,3H,3F 3H,43,45,,,2,2,Marlin,2,N,D,,,
13/4/20,,37,4,57,Control,3F,3H,3F 3H,43,45,,,1,1,Old tag,2,N,,,,
13/4/20,,38,4,57,Control,3F,3H,3F 3H,43,45,,9:10,1,1,Maeve,5,N,,,,
13/4/20,,38,4,57,Control,3F,3H,3F 3H,43,45,,,1,2,Maeve,8,N,,,,
13/4/20,,38,4,57,Control,3F,3H,3F 3H,43,45,,,1,3,Maeve,2,N,,,,
13/4/20,,38,4,57,Control,3F,3H,3F 3H,43,45,5:09,0:07,1,1,Old tag,0.5,N,,,,
13/4/20,,38,4,57,Control,3F,3H,3F 3H,43,45,,,1,2,Old tag,1,N,,,,
13/4/20,,38,4,57,Control,3F,3H,3F 3H,43,45,,6:50,2,1,Old tag,8,N,D,,,
13/4/20,,38,4,57,Control,3F,3H,3F 3H,43,45,,,2,2,Old tag,8,N,,,,
13/4/20,,39,4,57,Control,3F,3H,3F 3H,43,45,5:54,5:15,1,1,Old tag,3,N,,,Bait arm caught at start and fixed. Kingy fishing was occurring.,
13/4/20,,39,4,57,Control,3F,3H,3F 3H,43,45,,,1,2,Old tag,2.5,Y,,,Reaction?,
13/4/20,,39,4,57,Control,3F,3H,3F 3H,43,45,,,1,3,Old tag,3.5,N,,,,
13/4/20,39a,17b,4,58,Boat01,3F,3G,3F 3G,43,42,8:44,0:00,1,1,Old tag,5,N,,,,
13/4/20,,17b,4,58,Boat01,3F,3G,3F 3G,43,42,,,,2,Old tag,3,N,,,,
13/4/20,,17b,4,58,Boat01,3F,3G,3F 3G,43,42,,,,3,Old tag,3.5,N,,,,
13/4/20,,17b,4,58,Boat01,3F,3G,3F 3G,43,42,,,,4,Old tag,3.5,N,,,,
13/4/20,,17b,4,58,Boat01,3F,3G,3F 3G,43,42,,,,5,Old tag,1.5,Y,,,Reaction,
13/4/20,,17b,4,58,Boat01,3F,3G,3F 3G,43,42,,,,6,Old tag,2,N,,,,
13/4/20,,17b,4,58,Boat01,3F,3G,3F 3G,43,42,,,,7,Old tag,3,N,,,,
13/4/20,,17b,4,58,Boat01,3F,3G,3F 3G,43,42,,,,8,Old tag,2,N,,,,
13/4/20,,17b,4,58,Boat01,3F,3G,3F 3G,43,42,,,,9,Old tag,2.5,N,,,,
13/4/20,,17b,4,58,Boat01,3F,3G,3F 3G,43,42,,,,10,Old tag,2,N,,,,
13/4/20,,17b,4,58,Boat01,3F,3G,3F 3G,43,42,,,,11,Old tag,1,N,,,,
13/4/20,,17b,4,58,Boat01,3F,3G,3F 3G,43,42,,,,12,Old tag,1,Y,,,Reaction,
13/4/20,,17b,4,58,Boat01,3F,3G,3F 3G,43,42,,,,13,Old tag,4,N,,,,
13/4/20,,17b,4,58,Boat01,3F,3G,3F 3G,43,42,,,,14,Old tag,1.5,N,,,,
13/4/20,,17b,4,58,Boat01,3F,3G,3F 3G,43,42,,,,15,Old tag,1.5,N,,,,
13/4/20,,17b,4,58,Boat01,3F,3G,3F 3G,43,42,,,,16,Old tag,0.5,N,,,,
13/4/20,,17b,4,58,Boat01,3F,3G,3F 3G,43,42,,,,17,Old tag,2.5,N,,,,
13/4/20,,17b,4,58,Boat01,3F,3G,3F 3G,43,42,,,,18,Old tag,0.5,N,,,,
13/4/20,,17b,4,58,Boat01,3F,3G,3F 3G,43,42,,,,19,Old tag,3.5,N,,,,
13/4/20,,17b,4,58,Boat01,3F,3G,3F 3G,43,42,,,,20,Old tag,0,Y,,,"Reaction, touch",
13/4/20,,17b,4,58,Boat01,3F,3G,3F 3G,43,42,,,,21,Old tag,5,Y,,,Reaction?,
13/4/20,,17b,4,58,Boat01,3F,3G,3F 3G,43,42,,,,22,Old tag,5,N,,,,
13/4/20,,17b,4,58,Boat01,3F,3G,3F 3G,43,42,,,,23,Old tag,1,N,,,,
13/4/20,,17b,4,58,Boat01,3F,3G,3F 3G,43,42,,,,24,Old tag,2.5,N,,,,
13/4/20,,17b,4,58,Boat01,3F,3G,3F 3G,43,42,,,,25,Old tag,4,N,,,,
13/4/20,,17b,4,58,Boat01,3F,3G,3F 3G,43,42,,,,26,Old tag,3,N,,,,
13/4/20,,17b,4,58,Boat01,3F,3G,3F 3G,43,42,,,2,1,Old tag,2,N,,,,
13/4/20,,17b,4,58,Boat01,3F,3G,3F 3G,43,42,,,,2,Old tag,1.5,N,,,,
13/4/20,,17b,4,58,Boat01,3F,3G,3F 3G,43,42,,,,3,Old tag,4,Y,,,Reaction?,
13/4/20,,17b,4,58,Boat01,3F,3G,3F 3G,43,42,,,,4,Old tag,1,N,,,,
13/4/20,,17b,4,58,Boat01,3F,3G,3F 3G,43,42,,,,5,Old tag,5,N,,,,
13/4/20,,17b,4,58,Boat01,3F,3G,3F 3G,43,42,,,,6,Old tag,2.5,Y,,,Reaction,
13/4/20,,17b,4,58,Boat01,3F,3G,3F 3G,43,42,,3:53,1,1,Unknown,2,N,,,,
13/4/20,,17b,4,58,Boat01,3F,3G,3F 3G,43,42,,,2,1,Unknown,4,N,,,,
13/4/20,40a,29b,4,59,Control,3F,3H,,43,45,,,1,1,New tagged,8,N,,,,
13/4/20,,29b,4,59,Control,3F,3H,,43,45,,,1,2,New tagged,10,N,,,,
13/4/20,,29b,4,59,Control,3F,3H,,43,45,,3:00,2,1,New tagged,1,N,,,,
13/4/20,,29b,4,59,Control,3F,3H,,43,45,,3:40,3,1,New tagged,10,N,,,,
13/4/20,,29b,4,59,Control,3F,3H,,43,45,,,3,2,New tagged,1,N,,,,
13/4/20,,29b,4,59,Control,3F,3H,,43,45,,,3,3,New tagged,0.5,N,D,,,
13/4/20,,29b,4,59,Control,3F,3H,,43,45,,,3,4,New tagged,1.5,N,S,,,
13/4/20,,29b,4,59,Control,3F,3H,,43,45,,,3,5,New tagged,1,N,,,,
13/4/20,,29b,4,59,Control,3F,3H,,43,45,,,3,6,New tagged,4.5,N,,,,
13/4/20,,29b,4,59,Control,3F,3H,,43,45,,,3,7,New tagged,5,N,,,,
13/4/20,,29b,4,59,Control,3F,3H,,43,45,,,3,8,New tagged,0,N,,,Touch,
13/4/20,,29b,4,59,Control,3F,3H,,43,45,3:03,0:15,1,1,Old tag,3.5,N,D,,,
13/4/20,,29b,4,59,Control,3F,3H,,43,45,,,1,2,Old tag,0,N,,,Touch,
14/4/20,41a,40,4,60,Control,3F,3H,,43,45,7:30,6:16,1,1,Old tag,0,N,,6:16,Took bait,
14/4/20,42a,41,4,61,Control,3F,3H,,43,45,7:39,0:40,1,1,Old tag,2,N,,,,
14/4/20,,41,4,61,Control,3F,3H,,43,45,,,1,2,Old tag,1,Y,,,Reaction?,
14/4/20,,41,4,61,Control,3F,3H,,43,45,,,1,3,Old tag,4,N,,,,
14/4/20,,41,4,61,Control,3F,3H,,43,45,,,1,4,Old tag,0,N,,,Touch,
14/4/20,,41,4,61,Control,3F,3H,,43,45,,,1,5,Old tag,0.5,Y,,,Reaction?,
14/4/20,,41,4,61,Control,3F,3H,,43,45,,,1,6,Old tag,1,N,,,,
14/4/20,,41,4,61,Control,3F,3H,,43,45,,5:21,2,1,Old tag,3,N,,,,
14/4/20,,41,4,61,Control,3F,3H,,43,45,,,2,2,Old tag,3,N,,,,
14/4/20,,41,4,61,Control,3F,3H,,43,45,,,2,3,Old tag,1,N,,,,
14/4/20,,41,4,61,Control,3F,3H,,43,45,,,2,4,Old tag,1,Y,,,Reaction,
14/4/20,,41,4,61,Control,3F,3H,,43,45,,,2,5,Old tag,3,N,,,,
14/4/20,,41,4,61,Control,3F,3H,,43,45,,,2,6,Old tag,4,N,,,,
14/4/20,,41,4,61,Control,3F,3H,,43,45,,,2,7,Old tag,4,N,,,,
14/4/20,,41,4,61,Control,3F,3H,,43,45,,10:14,3,1,Old tag,3,N,,,,
14/4/20,,41,4,61,Control,3F,3H,,43,45,,,3,2,Old tag,4,N,,,,
14/4/20,,41,4,61,Control,3F,3H,,43,45,,9:00,1,1,Unknown,10,N,,,No tag,
14/4/20,,41,4,61,Control,3F,3H,,43,45,,11:20,2,1,Unknown,6,N,,,,
14/4/20,43a,42,4,62,Boat01,3F,3H,,43,45,,2:48,1,1,Flat top,0,N,,,Breach,
14/4/20,,42,4,62,Boat01,3F,3H,,43,45,8:31,0:08,1,1,New tagged,4,N,,,,
14/4/20,,42,4,62,Boat01,3F,3H,,43,45,,,1,2,New tagged,2,Y,,,Reaction?,
14/4/20,,42,4,62,Boat01,3F,3H,,43,45,,,1,3,New tagged,1,Y,,,Reaction?,
14/4/20,,42,4,62,Boat01,3F,3H,,43,45,,,1,4,New tagged,0.5,N,,,,
14/4/20,,42,4,62,Boat01,3F,3H,,43,45,,,1,5,New tagged,3,N,D,,,
14/4/20,,42,4,62,Boat01,3F,3H,,43,45,,,1,6,New tagged,4,N,D,,,
14/4/20,,42,4,62,Boat01,3F,3H,,43,45,,7:44,2,1,New tagged,6,N,,,,
14/4/20,,42,4,62,Boat01,3F,3H,,43,45,,,2,2,New tagged,2,N,,,,
14/4/20,,42,4,62,Boat01,3F,3H,,43,45,,,2,3,New tagged,2,N,D,,,
14/4/20,,42,4,62,Boat01,3F,3H,,43,45,,,2,4,New tagged,3,N,,,,
14/4/20,,42,4,62,Boat01,3F,3H,,43,45,,11:00,3,1,New tagged,5,N,D,,,
14/4/20,,42,4,62,Boat01,3F,3H,,43,45,,,3,2,New tagged,3.5,N,,,,
14/4/20,,42,4,62,Boat01,3F,3H,,43,45,,,3,3,New tagged,5,N,D,,,
14/4/20,,42,4,62,Boat01,3F,3H,,43,45,,,3,4,New tagged,5,N,,,,
14/4/20,44a,43,4,63,Control,3F,3G,3F 3G,43,42,9:35,1:11,1,1,New tagged,5,N,D,,Right camera switch from 3H to 3G,
14/4/20,,43,4,63,Control,3F,3G,3F 3G,43,42,,2:30,2,1,New tagged,10,N,,,Kingy fishing,
14/4/20,,43,4,63,Control,3F,3G,3F 3G,43,42,,,2,2,New tagged,2,N,D,,,
14/4/20,,43,4,63,Control,3F,3G,3F 3G,43,42,,,2,3,New tagged,4,N,D,,Another shark passing wide and deep,
14/4/20,,43,4,63,Control,3F,3G,3F 3G,43,42,,11:40,3,1,New tagged,10,N,,,Chum bucket hose not working,
14/4/20,,43,4,63,Control,3F,3G,3F 3G,43,42,,12:45,4,1,New tagged,2,N,,,,
14/4/20,,43,4,63,Control,3F,3G,3F 3G,43,42,,13:15,4,2,New tagged,0,N,,13:15,Took bait,
14/4/20,,43,4,63,Control,3F,3G,3F 3G,43,42,,12:40,1,1,Unknown,1,N,,,,
14/4/20,,43,4,63,Control,3F,3G,3F 3G,43,42,,,1,2,Unknown,1,N,,,Possibly Flat top,
14/4/20,45a,44,4,64,Boat01,3F,3G,3F 3G,43,42,9:50,2:57,1,1,New tagged,5,N,D,,,
14/4/20,,44,4,64,Boat01,3F,3G,3F 3G,43,42,,,1,2,New tagged,1,N,D,,,
14/4/20,,44,4,64,Boat01,3F,3G,3F 3G,43,42,,,1,3,New tagged,4,N,D,,Kingy fishing,
14/4/20,,44,4,64,Boat01,3F,3G,3F 3G,43,42,,,1,4,New tagged,3,N,D,,,
14/4/20,,44,4,64,Boat01,3F,3G,3F 3G,43,42,,,1,5,New tagged,3,N,D,,,
14/4/20,,44,4,64,Boat01,3F,3G,3F 3G,43,42,,,1,6,New tagged,2,N,,,,
14/4/20,,44,4,64,Boat01,3F,3G,3F 3G,43,42,,,1,7,New tagged,2,Y,D,,Reaction?,
14/4/20,,44,4,64,Boat01,3F,3G,3F 3G,43,42,,,1,8,New tagged,3.5,N,D,,Chum hose working again,
14/4/20,,44,4,64,Boat01,3F,3G,3F 3G,43,42,,,1,9,New tagged,1,Y,D,,Reaction?,
14/4/20,,44,4,64,Boat01,3F,3G,3F 3G,43,42,,,1,10,New tagged,2.5,N,,,Dive below stereo,
14/4/20,,44,4,64,Boat01,3F,3G,3F 3G,43,42,,,1,11,New tagged,3,N,D,,,
14/4/20,,44,4,64,Boat01,3F,3G,3F 3G,43,42,,8:42,2,1,New tagged,3,N,D,,,
14/4/20,,44,4,64,Boat01,3F,3G,3F 3G,43,42,,,2,2,New tagged,2,N,D,,,
14/4/20,,44,4,64,Boat01,3F,3G,3F 3G,43,42,,,2,3,New tagged,4.5,N,D,,,
14/4/20,,44,4,64,Boat01,3F,3G,3F 3G,43,42,,,2,4,New tagged,2,N,D,,Under electrode,
14/4/20,,44,4,64,Boat01,3F,3G,3F 3G,43,42,,12:45,3,1,New tagged,3.5,N,D,,,
14/4/20,,44,4,64,Boat01,3F,3G,3F 3G,43,42,,,1,2,New tagged,4,N,D,,,
14/4/20,,44,4,64,Boat01,3F,3G,3F 3G,43,42,,14:10,4,1,New tagged,4,N,D,,,
14/4/20,46a,45,4,65,Control,3F,3G,3F 3G,43,42,10:18,0:33,1,1,Flat top,1,N,,,,
14/4/20,,45,4,65,Control,3F,3G,3F 3G,43,42,,,1,2,Flat top,4,N,D,,,
14/4/20,,45,4,65,Control,3F,3G,3F 3G,43,42,,5:20,1,1,New tagged,4,N,,,,
14/4/20,,45,4,65,Control,3F,3G,3F 3G,43,42,,,1,2,New tagged,3,N,,,,
14/4/20,,45,4,65,Control,3F,3G,3F 3G,43,42,,6:20,2,1,New tagged,5,N,,,Under Marlin board,
14/4/20,,45,4,65,Control,3F,3G,3F 3G,43,42,,11:25,2,1,New tagged,1,N,D,,,
14/4/20,,45,4,65,Control,3F,3G,3F 3G,43,42,,,2,2,New tagged,0,N,,,Touch,
14/4/20,,45,4,65,Control,3F,3G,3F 3G,43,42,,7:15,1,1,Scar face,10,N,,,,
14/4/20,,45,4,65,Control,3F,3G,3F 3G,43,42,,,1,2,Scar face,1,N,,,,
14/4/20,,45,4,65,Control,3F,3G,3F 3G,43,42,,,1,3,Scar face,0,N,,,Touch,
14/4/20,,45,4,65,Control,3F,3G,3F 3G,43,42,,9:00,2,1,Scar face,8,N,,,Darted off,
14/4/20,,45,4,65,Control,3F,3G,3F 3G,43,42,,4:56,1,1,Unknown,10,N,,,Probably Scar Face,
14/4/20,,45,4,65,Control,3F,3G,3F 3G,43,42,,9:40,1,1,Unknown,7,N,D,,,
14/4/20,,45,4,65,Control,3F,3G,3F 3G,43,42,,10:15,1,1,Unknown,2,N,,,,
14/4/20,47a,46,4,66,Boat01,3F,3G,3F 3G,43,42,,6:30,1,1,Clippy,1,N,,,Clippy has ID tag on top of dorsal,
14/4/20,,46,4,66,Boat01,3F,3G,3F 3G,43,42,,7:49,2,1,Clippy,3,N,,,,
14/4/20,,46,4,66,Boat01,3F,3G,3F 3G,43,42,,,2,2,Clippy,0.5,N,,,,
14/4/20,,46,4,66,Boat01,3F,3G,3F 3G,43,42,10:34,3:08,1,1,Flat top,8,N,,,,
14/4/20,,46,4,66,Boat01,3F,3G,3F 3G,43,42,,,1,2,Flat top,1,Y,,,Reaction?,
14/4/20,,46,4,66,Boat01,3F,3G,3F 3G,43,42,,6:04,2,1,Flat top,7,N,,,,
14/4/20,,46,4,66,Boat01,3F,3G,3F 3G,43,42,,,2,2,Flat top,5,N,,,,
14/4/20,,46,4,66,Boat01,3F,3G,3F 3G,43,42,,11:38,1,1,New tagged,3,N,,,,
14/4/20,,46,4,66,Boat01,3F,3G,3F 3G,43,42,,,1,2,New tagged,1,N,,,,
14/4/20,,46,4,66,Boat01,3F,3G,3F 3G,43,42,,,1,3,New tagged,3,N,,,,
14/4/20,,46,4,66,Boat01,3F,3G,3F 3G,43,42,,,1,4,New tagged,1,Y,,,Reaction?,
14/4/20,,46,4,66,Boat01,3F,3G,3F 3G,43,42,,,1,5,New tagged,3,N,D,,,
14/4/20,,46,4,66,Boat01,3F,3G,3F 3G,43,42,,,1,6,New tagged,1,N,,,,
14/4/20,,46,4,66,Boat01,3F,3G,3F 3G,43,42,,,1,7,New tagged,4,N,,,Different shark in area,
14/4/20,,46,4,66,Boat01,3F,3G,3F 3G,43,42,,14:05,2,1,New tagged,5,N,,,,
14/4/20,,46,4,66,Boat01,3F,3G,3F 3G,43,42,,10:38,1,1,Unknown,4,N,D,,,
14/4/20,48a,47,4,67,Boat01,3F,3G,3F 3G,43,42,10:51,4:00,1,1,New tagged,1,Y,,,Reaction?,
14/4/20,,47,4,67,Boat01,3F,3G,3F 3G,43,42,,,1,2,New tagged,3,N,D,,,
14/4/20,,47,4,67,Boat01,3F,3G,3F 3G,43,42,,7:58,1,1,Unknown,5,N,D,,Dived,
14/4/20,,47,4,67,Boat01,3F,3G,3F 3G,43,42,,11:55,1,1,Unknown,5,N,D,,,
14/4/20,,47,4,67,Boat01,3F,3G,3F 3G,43,42,,,1,2,Unknown,5,N,D,,,
14/4/20,,47,4,67,Boat01,3F,3G,3F 3G,43,42,,,2,3,Unknown,5,N,D,,,
14/4/20,49a,48,4,68,Control,3F,3G,3F 3G,43,42,,,1,1,Flat top,1,N,,,,
14/4/20,,48,4,68,Control,3F,3G,3F 3G,43,42,11:25,1:30,1,1,New tagged,0,N,,,Touch,
14/4/20,,48,4,68,Control,3F,3G,3F 3G,43,42,,,1,2,New tagged,3,N,D,,,
14/4/20,,48,4,68,Control,3F,3G,3F 3G,43,42,,,1,3,New tagged,2,N,,,,
14/4/20,,48,4,68,Control,3F,3G,3F 3G,43,42,,,2,1,New tagged,5,N,,,,
14/4/20,,48,4,68,Control,3F,3G,3F 3G,43,42,,,2,2,New tagged,0,N,,6:00,Touch,
14/4/20,,48,4,68,Control,3F,3G,3F 3G,43,42,,1:40,1,1,Scar face,3,N,,,,
14/4/20,,48,4,68,Control,3F,3G,3F 3G,43,42,,,1,2,Scar face,6,N,,,,
14/4/20,,48,4,68,Control,3F,3G,3F 3G,43,42,,,1,3,Scar face,3,N,D,,,
14/4/20,,48,4,68,Control,3F,3G,3F 3G,43,42,,,1,4,Scar face,5,N,,,,
14/4/20,,48,4,68,Control,3F,3G,3F 3G,43,42,,3:00,1,1,Unknown,5,N,D,,,
14/4/20,,48,4,68,Control,3F,3G,3F 3G,43,42,,4:05,1,1,Unknown,2,N,,,,
14/4/20,50a,49,4,69,Boat01,3F,3G,3F 3G,43,42,,3:30,1,1,New tagged,2,N,D,,Kingy fishing,
14/4/20,,49,4,69,Boat01,3F,3G,3F 3G,43,42,11:33,0:15,1,1,Scar face,4,N,,,Deterrent next to marlin board,
14/4/20,,49,4,69,Boat01,3F,3G,3F 3G,43,42,,4:43,2,1,Scar face,3.5,N,,,,
14/4/20,,49,4,69,Boat01,3F,3G,3F 3G,43,42,,5:40,3,1,Scar face,0.5,Y,,,Reaction?,
14/4/20,,49,4,69,Boat01,3F,3G,3F 3G,43,42,,13:25,4,1,Scar face,6,N,,,Kingy caught,
14/4/20,51a,50,4,70,Control,3F,3G,3F 3G,43,42,11:56,0:30,1,1,Clippy,10,N,,,,
14/4/20,,50,4,70,Control,3F,3G,3F 3G,43,42,,,1,2,Clippy,1,N,,,,
14/4/20,,50,4,70,Control,3F,3G,3F 3G,43,42,,,1,3,Clippy,0,N,,,Touch,
14/4/20,,50,4,70,Control,3F,3G,3F 3G,43,42,,,1,4,Clippy,0.5,N,,,,
14/4/20,,50,4,70,Control,3F,3G,3F 3G,43,42,,1:57,2,1,Clippy,0.5,N,,,,
14/4/20,,50,4,70,Control,3F,3G,3F 3G,43,42,,3:11,3,1,Clippy,0.5,N,,,Tried to move Marshmellow,
14/4/20,,50,4,70,Control,3F,3G,3F 3G,43,42,,5:50,4,1,Clippy,0,N,,5:50,Touch,
14/4/20,,50,4,70,Control,3F,3G,3F 3G,43,42,,2:03,1,1,Flat top,5,N,,,,
14/4/20,52a,51,4,71,Boat01,3F,3G,3F 3G,43,42,,13:00,1,1,Clippy,0,N,,,Touch,
14/4/20,,51,4,71,Boat01,3F,3G,3F 3G,43,42,,9:15,1,1,New tagged,7,N,D,,,
14/4/20,,51,4,71,Boat01,3F,3G,3F 3G,43,42,,1:53,1,1,Scar face,7,N,,,Deterrent against boat and to side of boat whole trial. Kept trying to push it out.,
14/4/20,,51,4,71,Boat01,3F,3G,3F 3G,43,42,,,1,2,Scar face,8,N,,,,
14/4/20,,51,4,71,Boat01,3F,3G,3F 3G,43,42,,,1,3,Scar face,6,N,D,,,
14/4/20,,51,4,71,Boat01,3F,3G,3F 3G,43,42,,,1,4,Scar face,5,N,,,,
14/4/20,,51,4,71,Boat01,3F,3G,3F 3G,43,42,,13:30,2,1,Scar face,0,N,,,Touch,
14/4/20,53a,52,4,72,Control,3F,3G,3F 3G,43,42,4:20,0:30,1,1,Clippy,2.5,N,,,,
14/4/20,,52,4,72,Control,3F,3G,3F 3G,43,42,,,1,2,Clippy,3,N,,,,
14/4/20,,52,4,72,Control,3F,3G,3F 3G,43,42,,,1,3,Clippy,1.5,Y,,,Reaction?,
14/4/20,,52,4,72,Control,3F,3G,3F 3G,43,42,,1:57,2,1,Clippy,0,N,,1:57,Bait taken,
14/4/20,54a,53,4,73,Boat01,3F,3G,3F 3G,43,42,4:24,0:59,1,1,Clippy,1,N,,,,
14/4/20,,53,4,73,Boat01,3F,3G,3F 3G,43,42,,,1,2,Clippy,1.5,Y,,,Reaction?,
14/4/20,,53,4,73,Boat01,3F,3G,3F 3G,43,42,,,1,3,Clippy,4,N,,,,
14/4/20,,53,4,73,Boat01,3F,3G,3F 3G,43,42,,3:30,2,1,Clippy,3,N,,,,
14/4/20,,53,4,73,Boat01,3F,3G,3F 3G,43,42,,,1,1,Marlin,5,N,D,,,
14/4/20,,53,4,73,Boat01,3F,3G,3F 3G,43,42,,,1,2,Marlin,1.5,N,,,,
14/4/20,,53,4,73,Boat01,3F,3G,3F 3G,43,42,,,1,3,Marlin,2.5,Y,,,Reaction?,
14/4/20,,53,4,73,Boat01,3F,3G,3F 3G,43,42,,,1,4,Marlin,2,N,,,,
14/4/20,,53,4,73,Boat01,3F,3G,3F 3G,43,42,,,1,5,Marlin,0,N,,,Touch,
14/4/20,,53,4,73,Boat01,3F,3G,3F 3G,43,42,,,1,6,Marlin,1,N,,,,
14/4/20,,53,4,73,Boat01,3F,3G,3F 3G,43,42,,,1,7,Marlin,1.5,Y,,,Reaction?,
14/4/20,,53,4,73,Boat01,3F,3G,3F 3G,43,42,,,1,8,Marlin,1,Y,,,Reaction?,
14/4/20,,53,4,73,Boat01,3F,3G,3F 3G,43,42,,,1,9,Marlin,1,N,,,,
14/4/20,,53,4,73,Boat01,3F,3G,3F 3G,43,42,,,1,10,Marlin,,Y,,,Reaction?,
14/4/20,,53,4,73,Boat01,3F,3G,3F 3G,43,42,,5:50,1,11,Marlin,0,N,,5:50,Touch,
14/4/20,55a,54,4,74,Control,3F,3G,3F 3G,43,42,5:52,0,1,1,Marlin,0.5,N,,,Lots of blood in water,
14/4/20,,54,4,74,Control,3F,3G,3F 3G,43,42,,,1,2,Marlin,0.5,N,,,Touch?,
14/4/20,,54,4,74,Control,3F,3G,3F 3G,43,42,,,1,3,Marlin,3,N,,,Tried to collect litter in water,
14/4/20,,54,4,74,Control,3F,3G,3F 3G,43,42,,,1,4,Marlin,0,N,,,Touch,
14/4/20,56a,55,4,75,Control,3F,3G,3F 3G,43,42,,3:00,1,1,Scar face,3.5,N,,,Possibly a new shark ,
14/4/20,,55,4,75,Control,3F,3G,3F 3G,43,42,,,1,2,Scar face,0.5,N,,,,
14/4/20,,55,4,75,Control,3F,3G,3F 3G,43,42,,,1,3,Scar face,0,N,,,Touch,
14/4/20,,55,4,75,Control,3F,3G,3F 3G,43,42,,,1,4,Scar face,3.5,N,,,,
14/4/20,,55,4,75,Control,3F,3G,3F 3G,43,42,,,1,5,Scar face,0,N,,3:50,Touch,
14/4/20,57a,56,4,76,Boat01,3F,3G,3F 3G,43,42,,8:20,1,1,Clippy,5,N,,,,
14/4/20,,56,4,76,Boat01,3F,3G,3F 3G,43,42,,9:56,2,1,Clippy,6,N,,,,
14/4/20,,56,4,76,Boat01,3F,3G,3F 3G,43,42,,,3,1,Clippy,4,N,,,,
14/4/20,,56,4,76,Boat01,3F,3G,3F 3G,43,42,,,3,2,Clippy,2,N,,,,
14/4/20,,56,4,76,Boat01,3F,3G,3F 3G,43,42,,,3,3,Clippy,3,N,,,,
14/4/20,,56,4,76,Boat01,3F,3G,3F 3G,43,42,,,3,4,Clippy,2,N,,,,
14/4/20,,56,4,76,Boat01,3F,3G,3F 3G,43,42,,,3,5,Clippy,2.5,N,,,,
14/4/20,,56,4,76,Boat01,3F,3G,3F 3G,43,42,5:00,0:26,1,1,New tagged,4,N,,,,
14/4/20,,56,4,76,Boat01,3F,3G,3F 3G,43,42,,,1,2,New tagged,3,N,,,,
14/4/20,,56,4,76,Boat01,3F,3G,3F 3G,43,42,,,1,3,New tagged,1,Y,,,Reaction?,
14/4/20,,56,4,76,Boat01,3F,3G,3F 3G,43,42,,,1,4,New tagged,1,Y,,,Reaction?,
14/4/20,,56,4,76,Boat01,3F,3G,3F 3G,43,42,,,1,5,New tagged,1.5,N,,,,
14/4/20,,56,4,76,Boat01,3F,3G,3F 3G,43,42,,,1,6,New tagged,3,N,,,,
14/4/20,,56,4,76,Boat01,3F,3G,3F 3G,43,42,,,1,7,New tagged,2.5,N,,,,
14/4/20,,56,4,76,Boat01,3F,3G,3F 3G,43,42,,,1,8,New tagged,3,N,,,,
14/4/20,,56,4,76,Boat01,3F,3G,3F 3G,43,42,,,1,9,New tagged,5,N,,,,
14/4/20,,56,4,76,Boat01,3F,3G,3F 3G,43,42,,,1,10,New tagged,2.5,Y,,,Reaction?,
14/4/20,,56,4,76,Boat01,3F,3G,3F 3G,43,42,,,1,11,New tagged,2,N,D,,,
14/4/20,,56,4,76,Boat01,3F,3G,3F 3G,43,42,,,1,12,New tagged,1.5,N,,,,
14/4/20,,56,4,76,Boat01,3F,3G,3F 3G,43,42,,,1,13,New tagged,0.5,N,,,Touch?,
14/4/20,,56,4,76,Boat01,3F,3G,3F 3G,43,42,,,1,14,New tagged,3,N,,,,
14/4/20,,56,4,76,Boat01,3F,3G,3F 3G,43,42,,,1,15,New tagged,0.5,N,,,,
14/4/20,,56,4,76,Boat01,3F,3G,3F 3G,43,42,,,1,16,New tagged,2.5,N,,,,
14/4/20,,56,4,76,Boat01,3F,3G,3F 3G,43,42,,,1,17,New tagged,5,N,,,,
14/4/20,,56,4,76,Boat01,3F,3G,3F 3G,43,42,,,1,18,New tagged,2,N,,,,
14/4/20,,56,4,76,Boat01,3F,3G,3F 3G,43,42,,8:56,2,1,New tagged,4,N,,,,
14/4/20,,56,4,76,Boat01,3F,3G,3F 3G,43,42,,,2,2,New tagged,3.5,N,,,Darted away,
14/4/20,,56,4,76,Boat01,3F,3G,3F 3G,43,42,,10:40,3,1,New tagged,3,N,,,,
14/4/20,,56,4,76,Boat01,3F,3G,3F 3G,43,42,,,3,2,New tagged,5,N,,,,
14/4/20,,56,4,76,Boat01,3F,3G,3F 3G,43,42,,,3,4,New tagged,3.5,N,,,,
14/4/20,,56,4,76,Boat01,3F,3G,3F 3G,43,42,,,3,5,New tagged,6,N,,,,
14/4/20,,56,4,76,Boat01,3F,3G,3F 3G,43,42,,13:07,4,1,New tagged,3,N,,,,
14/4/20,,56,4,76,Boat01,3F,3G,3F 3G,43,42,,,4,2,New tagged,0.5,N,,,,
14/4/20,,56,4,76,Boat01,3F,3G,3F 3G,43,42,,,4,3,New tagged,1,N,,,,
14/4/20,,56,4,76,Boat01,3F,3G,3F 3G,43,42,,,4,4,New tagged,4,N,,,,
14/4/20,,56,4,76,Boat01,3F,3G,3F 3G,43,42,,,4,5,New tagged,2,Y,,,Reaction?,
14/4/20,,56,4,76,Boat01,3F,3G,3F 3G,43,42,,,4,6,New tagged,0.5,Y,,,Reaction?,
14/4/20,,56,4,76,Boat01,3F,3G,3F 3G,43,42,,,4,7,New tagged,4,N,,,,
14/4/20,,56,4,76,Boat01,3F,3G,3F 3G,43,42,,7:25,1,1,Unknown,4,N,D,,,
14/4/20,,56,4,76,Boat01,3F,3G,3F 3G,43,42,,8:47,1,1,Unknown,5,N,D,,,
14/4/20,58a,57,4,77,Boat01,3F,3G,3F 3G,43,42,5:20,0:23,1,1,New tagged,4,N,,,,
14/4/20,,57,4,77,Boat01,3F,3G,3F 3G,43,42,,,1,2,New tagged,5,N,,,,
14/4/20,,57,4,77,Boat01,3F,3G,3F 3G,43,42,,,1,3,New tagged,0,N,,,Touch,
14/4/20,,57,4,77,Boat01,3F,3G,3F 3G,43,42,,,1,4,New tagged,0,N,,1:25,Touch,
14/4/20,59a,58,4,78,Control,3F,3G,3F 3G,43,42,5:23,0:20,1,1,New tagged,2,N,,,,
14/4/20,,58,4,78,Control,3F,3G,3F 3G,43,42,,,1,2,New tagged,3,N,,,,
14/4/20,,58,4,78,Control,3F,3G,3F 3G,43,42,,2:44,2,1,New tagged,4,N,,,,
14/4/20,,58,4,78,Control,3F,3G,3F 3G,43,42,,,2,2,New tagged,3,N,,,,
14/4/20,,58,4,78,Control,3F,3G,3F 3G,43,42,,,2,3,New tagged,6.5,N,,,,
14/4/20,,58,4,78,Control,3F,3G,3F 3G,43,42,,4:49,3,1,New tagged,4,N,,,,
14/4/20,,58,4,78,Control,3F,3G,3F 3G,43,42,,,3,2,New tagged,10,N,,,,
14/4/20,,58,4,78,Control,3F,3G,3F 3G,43,42,,6:40,4,1,New tagged,4,N,,,,
14/4/20,,58,4,78,Control,3F,3G,3F 3G,43,42,,,4,2,New tagged,0.5,N,,,,
14/4/20,,58,4,78,Control,3F,3G,3F 3G,43,42,,,4,3,New tagged,4,N,,,,
14/4/20,,58,4,78,Control,3F,3G,3F 3G,43,42,,,4,4,New tagged,5,N,D,,,
14/4/20,,58,4,78,Control,3F,3G,3F 3G,43,42,,,4,5,New tagged,3,N,,,,
14/4/20,,58,4,78,Control,3F,3G,3F 3G,43,42,,,4,6,New tagged,5,N,,,Near marlin board,
14/4/20,,58,4,78,Control,3F,3G,3F 3G,43,42,,,4,7,New tagged,3.5,N,,,,
14/4/20,,58,4,78,Control,3F,3G,3F 3G,43,42,,,4,8,New tagged,5.5,N,,,Stereo pulled up to make way for shark,
14/4/20,,58,4,78,Control,3F,3G,3F 3G,43,42,,11:38,5,1,New tagged,4,N,,,,
14/4/20,,58,4,78,Control,3F,3G,3F 3G,43,42,,,5,2,New tagged,3,N,,,,
14/4/20,,58,4,78,Control,3F,3G,3F 3G,43,42,,,5,3,New tagged,4,N,,,,
14/4/20,,58,4,78,Control,3F,3G,3F 3G,43,42,,,5,4,New tagged,0,N,,,Touch,
14/4/20,,58,4,78,Control,3F,3G,3F 3G,43,42,,,5,5,New tagged,0,N,,14:38,Bite,
14/4/20,,58,4,78,Control,3F,3G,3F 3G,43,42,,1:57,1,1,Unknown,10,N,,,,
14/4/20,60a,59,4,79,Boat01,3F,3G,3F 3G,43,42,,2:17,1,1,Marlin,6,N,,,May not be Marlin,
14/4/20,,59,4,79,Boat01,3F,3G,3F 3G,43,42,,4:36,1,1,Marlin,4.5,N,,,,
14/4/20,,59,4,79,Boat01,3F,3G,3F 3G,43,42,5:40,0:00,1,1,New tagged,2,N,,,,
14/4/20,,59,4,79,Boat01,3F,3G,3F 3G,43,42,,,1,2,New tagged,1,N,,,,
14/4/20,,59,4,79,Boat01,3F,3G,3F 3G,43,42,,,1,3,New tagged,0,N,,,Touch,
14/4/20,,59,4,79,Boat01,3F,3G,3F 3G,43,42,,1:34,2,1,New tagged,1,N,,,,
14/4/20,,59,4,79,Boat01,3F,3G,3F 3G,43,42,,4:10,3,1,New tagged,3.5,N,,,,
14/4/20,,59,4,79,Boat01,3F,3G,3F 3G,43,42,,,3,2,New tagged,4,N,,,,
14/4/20,,59,4,79,Boat01,3F,3G,3F 3G,43,42,,5:12,4,1,New tagged,4,N,,,,
14/4/20,,59,4,79,Boat01,3F,3G,3F 3G,43,42,,,4,2,New tagged,0,N,,5:24,Touch,
14/4/20,,59,4,79,Boat01,3F,3G,3F 3G,43,42,,2:15,1,1,Unknown,4,N,,,,
14/4/20,61a,60,4,80,Control,3F,3G,3F 3G,43,42,,4:40,1,1,Clippy,0,N,,4:40,Bait taken. May not be on stereo as camera out of water for safety.,
14/4/20,,60,4,80,Control,3F,3G,3F 3G,43,42,5:46,4:14,1,1,New tagged,3,N,,,,
14/4/20,,60,4,80,Control,3F,3G,3F 3G,43,42,,,1,2,New tagged,3.5,N,,,Pulled stereo out ,
14/4/20,62a,61,4,81,Boat01,3F,3G,3F 3G,43,42,5:51,8:48,1,1,New tagged,5,N,,,,
14/4/20,,61,4,81,Boat01,3F,3G,3F 3G,43,42,,,1,2,New tagged,0,N,,,Touch,
14/4/20,,61,4,81,Boat01,3F,3G,3F 3G,43,42,,11:00,2,1,New tagged,10,N,,,,
14/4/20,,61,4,81,Boat01,3F,3G,3F 3G,43,42,,9:50,1,1,Unknown,10,N,,,,
14/4/20,,61,4,81,Boat01,3F,3G,3F 3G,43,42,,,1,1,Unknown,,N,,,,